Title,ESG_Company_Related,Sentiment,label
Piper Sandler Hires Diversity & Inclusion Director Analia Alonso,yes,positive,3
"FDA approves first drug, Eiger's Zokinvy, for rare rapid-aging disease",yes,positive,3
Jihadist mobilization makes Europe vulnerable to terrorist attacks post 9/11,no,not_esg,0
"GM to invest $ 1 billion in Mexico for electric vehicle production, angering UAW members",yes,positive,3
"Elanco Animal Health Incorporated: ROSEN, A TRUSTED AND TOP RANKED FIRM, Reminds Elanco Animal Health Incorporated Investors of Important July 20 Deadline in Securities Class Action - ELAN",yes,negative,1
ReneSola: Power to Present at Credit Suisse Renewables and Utilities Virtual Conference,yes,neutral,2
Raise Marketplace Launches Fraud Prevention Solution rZero to Help Corporations Fight Digital Fraud,yes,positive,3
Polish fraud fighter Nethone raises $ 6.7 million,yes,neutral,2
"Investor Alert: Kaplan Fox Investigates Potential Securities Fraud At FireEye, Inc.",yes,negative,1
Previewing Googles defense in digital ad monopoly litigation: Frankel,yes,negative,1
Food Brands Are Finally Changing Their Racist Mascots—But Is It Enough?,yes,neutral,2
China Shipped a Colossal Piece of The World's Largest Fossil Fuel Plant to Russia,no,not_esg,0
"INVESTOR ALERT: Law Offices of Howard G. Smith Announces the Filing of a Securities Class Action on Behalf of Cassava Sciences, Inc. ( SAVA) Investors",yes,negative,1
"Mafia network ' at centre of Covid fund fraud in DR Congo, says junior minister",no,not_esg,0
Clean Energy to Report Third Quarter 2020 Financial Results on November 5; Conference Call To Follow at 1:30 p.m. PST,yes,neutral,2
"BMC INVESTOR ALERT by the Former Attorney General of Louisiana: Kahn Swick & Foti, LLC Investigates Adequacy of Price and Process in Proposed Sale of BMC Stock Holdings, Inc. - BMCH",yes,negative,1
"Glancy Prongay & Murray LLP: a Leading Securities Fraud Law Firm, Announces the Filing of a Securities Class Action on Behalf of Amdocs Limited ( DOX) Investors",yes,negative,1
INVESTOR ALERT: Law Offices of Howard G. Smith Announces Investigation of Omeros Corporation ( OMER) on Behalf of Investors,yes,negative,1
FDA approval of AquaBounty GM salmon heads to appeals court,yes,neutral,2
Siemens Gamesa Renewable Energy S A: CMD presentation,yes,neutral,2
Wise: The Public and Private Sector Needs to be Held to Account Over IBAN Discrimination,no,not_esg,0
Models Protested Against Forced Labor in Fashion Outside of a NFYW Venue,no,not_esg,0
"Carbon capture is vital to meeting climate goals, scientists tell green critics",no,not_esg,0
LafargeHolcim Announces Global Rollout of Low-Carbon Concrete,yes,positive,3
Previewing Googles defense in digital ad monopoly litigation: Frankel,yes,negative,1
Boosting the Efficiency of Electrochemical Carbon Capture and Conversion Systems,no,not_esg,0
RENAULT: PARTNERS WITH VULCAN ENERGY IN THE ZERO CARBON LITHIUMTM PROJECT,yes,positive,3
GM says it is ahead of schedule in some clean-energy goals,yes,positive,3
"HAGENS BERMAN, NATIONAL TRIAL ATTORNEYS, Encourages XL Fleet ( XL) Investors with Losses to Contact Its Attorneys Now, Securities Class Action Filed, Company Forecasts 90% Revenue Drop in Q1 2021",yes,negative,1
Fortnite maker sues Apple for monopoly abuse after being kicked off App Store,yes,negative,1
"Four months into Brexit, the UK and France have resorted to gunboat diplomacy over fish",no,not_esg,0
Celtics donating $ 25M to racial justice initiatives in Boston,yes,positive,3
Opportunities in Dems ' clean energy plans to dominate Q2 utility earnings talks,no,not_esg,0
"Google, Apple, Facebook, Amazon go virtually to Washington: Big Tech CEOs questioned over antitrust concerns",yes,negative,1
"Almirall S A: announces FDA approval of Klisyri® ( tirbanibulin), a new innovative topical treatment for actinic keratosis",yes,positive,3
"Victoria's $ 5.4bn Big Housing Build: it is big, but the social housing challenge is even bigger",no,not_esg,0
"Glancy Prongay & Murray LLP: a Leading Securities Fraud Law Firm, Announces the Filing of a Securities Class Action on Behalf of Amdocs Limited ( DOX) Investors",yes,negative,1
Ohio House speaker targeted in $ 60 million public corruption case,no,neutral,2
"GoodRx: ROSEN, A TRUSTED LAW FIRM, Announces Filing of Securities Class Action Lawsuit Against GoodRx Holdings, Inc.; Encourages Investors with Losses in Excess of $ 100K to Contact the Firm - GDRX",yes,negative,1
U.S. Justice Department going 'full tilt ' on tech antitrust probe: official,no,not_esg,0
Cummins: Launches National Initiative to Improve Racial Equity,yes,positive,3
Aker: Carbon Capture AS and Aker Offshore Wind Holding AS – Contemplated Private Placement and Listing on Merkur Market,yes,neutral,2
Doral Renewables LLC ( formerly named Global Energy Generation LLC) Appoints Evan Speece as Chief Financial Officer,yes,neutral,2
HCL Technologies: California Court Denies Class Certification In Reverse Discrimination Case Brought By Job Candidates,yes,neutral,2
"Congress to grill Bezos, Zuckerberg and other tech chiefs over monopoly concerns",yes,negative,1
Will NIMBYism sink new clean energy projects?,no,not_esg,0
"TD SYNNEX: TECH DATA EXTENDS TRADE-IN SERVICES AND HARDWARE RECYCLING CAPABILITY; All kinds of equipment servers, storage, audiovisual and networking kit, as well as mobiles, notebooks, and desktops can now be traded-in and recycled",yes,positive,3
Republic end goal drought but Mitrovic's double is decisive for Serbia,no,not_esg,0
Siemens Gamesa Renewable Energy S A: CMD presentation,yes,neutral,2
Eramet: All Eramet mines are now ISO 14001 certified,yes,positive,3
"Brazil, Bribes, And Banks: Brazilian Investment Company Pays $ 265M Fine In FCPA SEC And DOJ Enforcement Action Evidencing Ongoing Corruption Risks In Equity Financing In Brazil",yes,negative,1
Biden to nominate tech antitrust pioneer Lina Khan for FTC commissioner,no,not_esg,0
Southern California Gas Company: - SoCalGas Energy Efficiency Programs a Win-win for Customers and California's Emissions Reduction Goals,yes,positive,3
International Business Machines: IBM Says Its Carbon Capture Research Will Help Meet Its 2030 Net-Zero Goal,yes,positive,3
"Energy treaty reform could see investors in fossil fuels, renewables lose cover",no,negative,1
International Business Machines: IBM Says Its Carbon Capture Research Will Help Meet Its 2030 Net-Zero Goal,yes,positive,3
"PRESS RELEASE: fox e-mobility wins leading European battery company, InoBat Auto, as technology partner for the new MIA 2.0 electric car",yes,positive,3
INVESTOR ALERT: Law Offices of Howard G. Smith Announces Investigation of Omeros Corporation ( OMER) on Behalf of Investors,yes,negative,1
Jury Says State Farm Owes '90210 ' Actor $ 6.3M For Wildfire,no,not_esg,0
NY Attorney General Sues Trump Organization for Stonewalling Probe into Alleged Financial Fraud,no,not_esg,0
Air Pollution Takes a Global Toll on Heart Health,no,not_esg,0
"Tencent, Chindata Take Top Spots in Greenpeace's China Clean Tech Report",yes,positive,3
Falck Renewables S p A: won 40 MW in the Spanish tender,yes,positive,3
"Startup: Andrea Roberson of AI4US Seeks Diversity in AI, Tech Workforce",yes,positive,3
Triple Point Social Housing REIT: Chairman's Statement Interim Report 2020,yes,neutral,2
Aramark Announces Executive Diversity Council and Names Ashwani Hanson Chief Diversity & Sustainability Officer,yes,positive,3
"Glancy Prongay & Murray LLP, a Leading Securities Fraud Law Firm, Announces Investigation of CareDx, Inc. ( CDNA) on Behalf of Investors",yes,negative,1
Antarctic ice sheet collapse could add 3 meters to sea-level rise,no,not_esg,0
Pindrop Helps Avaya Customers Verify Legitimate Callers and Detect Fraud,yes,neutral,2
Toyota's electric car vehicle plans in detail,yes,positive,3
One Oil Company's Rocky Path to Renewable Energy,yes,neutral,2
Bertelsmann: BMG Lauded For Anti-Racism Commitment,yes,positive,3
Juventus Football Club: coach Pirlo earns UEFA coaching qualification,no,not_esg,0
Portland General Electric: Service restoration underway for PGE customers impacted by historic windstorm,yes,neutral,2
"INVESTOR ALERT: Law Offices of Howard G. Smith Announces the Filing of a Securities Class Action on Behalf of Cassava Sciences, Inc. ( SAVA) Investors",yes,negative,1
"Racial disparities in COVID-19 mortality wider than reported, study finds: Structural racism is a direct predictor of state-level racial disparities in COVID deaths -- ScienceDaily",no,not_esg,0
Indonesia's antitrust agency investigates nickel smelters,no,not_esg,0
CBI books alleged arms dealer for corruption involving Korean firm for ONGC-related contract,yes,negative,1
Amazon rainforest drought and deforestation could lead to bad fire season,no,not_esg,0
One Oil Company's Rocky Path to Renewable Energy -2-,yes,neutral,2
Palace adidas Ultraboost Recycled Yarns Capsule: Release Info,yes,positive,3
Aker: Carbon Capture AS and Aker Offshore Wind Holding AS – Contemplated Private Placement and Listing on Merkur Market,yes,neutral,2
Willis Towers Watson Adds to Low Carbon Transition Skillset with Addition of CPI Energy Finance Team,yes,positive,3
Google-Antitrust: Top internet analyst Brian Nowak weighs in on DOJ suit,yes,negative,1
SSAB: to deliver fossil-free steel to Mercedes-Benz,yes,positive,3
One Oil Company's Rocky Path to Renewable Energy,yes,neutral,2
HCL Technologies: California Court Denies Class Certification In Reverse Discrimination Case Brought By Job Candidates,yes,neutral,2
"Workhorse Group Inc. Reminder: Kessler Topaz Meltzer & Check, LLP Reminds Investors of Securities Fraud Class Action Lawsuit Filed Against Workhorse Group Inc.",yes,negative,1
Pindrop Helps Avaya Customers Verify Legitimate Callers and Detect Fraud,yes,neutral,2
Spanish PM 'disturbed ' by allegations of former king's corruption,no,not_esg,0
AIR Worldwide Releases Updated Tropical Cyclone and Earthquake Models for the Caribbean,yes,neutral,2
CBI books alleged arms dealer for corruption involving Korean firm for ONGC-related contract,yes,negative,1
The Sierra Club: America's oldest conservation group denounces racism of its founder,no,not_esg,0
Ohio House speaker targeted in $ 60 million public corruption case,no,neutral,2
Blink Charging: to Participate in Electric Vehicle Webinar Presented by Maxim Group LLC and M-Vest,yes,neutral,2
Clean energy? The world’ s demand for copper could be catastrophic for communities and environments,no,not_esg,0
SSAB: to deliver fossil-free steel to Mercedes-Benz,yes,positive,3
Doral Renewables LLC ( formerly named Global Energy Generation LLC) Appoints Evan Speece as Chief Financial Officer,yes,neutral,2
Polish fraud fighter Nethone raises $ 6.7 million,yes,neutral,2
"Google, Apple, Facebook, Amazon go virtually to Washington: Big Tech CEOs questioned over antitrust concerns",yes,negative,1
Clean Energy to Report Third Quarter 2020 Financial Results on November 5; Conference Call To Follow at 1:30 p.m. PST,yes,neutral,2
SeaBird Exploration: Green Energy Group ( SeaBird Exploration Plc) – Update on potential subsequent offering,yes,neutral,2
"MoneyGram International: ROSEN, A TOP RANKED LAW FIRM, Encourages MoneyGram International, Inc. Investors with Losses in Excess of $ 100K to Secure Counsel Before Important Deadline in Securities Class Action First Filed by the Firm - MGI",yes,negative,1
Nortek technology used by CCAMLR to estimate krill biomass in Antarctic waters,yes,neutral,2
Investor Alert: Kaplan Fox Investigates Peabody Energy Corporation For Potential Securities Fraud,yes,negative,1
Polish fraud fighter Nethone raises $ 6.7 million,yes,neutral,2
"Electric Vehicle Powertrain Market 2021: Global Industry Analysis, Opportunities, Market Size, Trends, Growth and Forecast 2027 with Top Countries Data",no,not_esg,0
Nortek technology used by CCAMLR to estimate krill biomass in Antarctic waters,yes,neutral,2
"Kessler Topaz Meltzer & Check, LLP: Securities Fraud Class Action Filed Against Penumbra, Inc.",yes,negative,1
Meituan: China probes takeout firm Meituan over antitrust concerns,yes,negative,1
Renewable Energy: Hires R. Craig Bealmear as Chief Financial Officer,yes,neutral,2
Mass evacuations as second cyclone in a week forms off India,no,not_esg,0
Diageo: ranked number six in Equileap's 2021 Gender Equality Global Report and Ranking,yes,positive,3
Diageo: ranked number six in Equileap's 2021 Gender Equality Global Report and Ranking,yes,positive,3
Global Renewable Energy Industry Guide 2021: Value and Volume 2016-2020 and Forecast to 2025 - ResearchAndMarkets.com,no,not_esg,0
Drought of the century in the Middle Ages—with parallels to climate change today?,no,not_esg,0
"Frito-Lay: ® Launches Industrially Compostable Bags with Off The Eaten Path® Brand; Advances in Goal to Design 100% of Packaging to be Recyclable, Compostable, Biodegradable or Reusable across Portfolio by 2025",yes,positive,3
"PARSELY ENERGY INVESTOR ALERT by the Former Attorney General of Louisiana: Kahn Swick & Foti, LLC Investigates Adequacy of Price and Process in Proposed Sale of Parsley Energy, Inc. - PE",yes,negative,1
FDA Approves Multiple Investigational New Drug Applications,no,not_esg,0
GM says it is ahead of schedule in some clean-energy goals,yes,positive,3
Market analysis of the electric car industry — Quartz,no,not_esg,0
"EQUITY ALERT: ROSEN, A TOP RANKED LAW FIRM, Encourages Amarin Corporation plc Investors with Losses in Excess of $ 100K to Secure Counsel Before Important Deadline in Securities Class Action – AMRN",yes,negative,1
Blink Charging: to Participate in Electric Vehicle Webinar Presented by Maxim Group LLC and M-Vest,yes,neutral,2
Tesla just got snubbed by Biden's electric vehicle summit,yes,negative,1
SSAB Targets Title of First Global Fossil-Free Steel Company,yes,positive,3
TransAlta: and TransAlta Renewables Third Quarter 2020 Results and Conference Call,yes,neutral,2
"Tooth fast, tooth curious? New study uncovers novel approach to plant-based diet, unique to long-necked dinosaurs",no,not_esg,0
TRESemmé hair ad angers South Africans still hurting from racist past,yes,negative,1
"DNA INVESTOR ALERT: ROSEN, A TOP RANKED LAW FIRM, Encourages Ginkgo Bioworks Holdings, Inc. Investors with Losses to Inquire About Class Action Investigation – DNA",yes,negative,1
SeaBird Exploration: Green Energy Group ( SeaBird Exploration Plc) – Update on potential subsequent offering,yes,neutral,2
Air pollution levels depend on drizzle rates,no,not_esg,0
HCL Technologies: California Court Denies Class Certification In Reverse Discrimination Case Brought By Job Candidates,yes,neutral,2
"Glancy Prongay & Murray LLP: Obtains Important Ruling for Ra Medical Systems, Inc. Investors in Securities Fraud Class Action",yes,negative,1
German prosecutors probe Wirecard for money laundering,yes,negative,1
"Siemens Gamesa Renewable Energy S A: powers carbon-free future with green hydrogen, crucial to decarbonizing polluting industr",yes,positive,3
"Orocobre: reports no injuries, only minor damage from earthquake near Naraha plant",yes,neutral,2
One Oil Company's Rocky Path to Renewable Energy -2-,yes,neutral,2
LafargeHolcim Announces Global Rollout of Low-Carbon Concrete,yes,positive,3
New theories and materials aid the transition to clean energy -- ScienceDaily,no,not_esg,0
RRC INVESTOR FILING DEADLINE: Bernstein Liebhard LLP Reminds Investors of the Deadline to File a Lead Plaintiff Motion In a Securities Class Action Lawsuit Against Range Resources Corporation,yes,negative,1
"TD SYNNEX: TECH DATA EXTENDS TRADE-IN SERVICES AND HARDWARE RECYCLING CAPABILITY; All kinds of equipment servers, storage, audiovisual and networking kit, as well as mobiles, notebooks, and desktops can now be traded-in and recycled",yes,positive,3
"QuantumScape Stock: Berger Montague Investigates Alleged Securities Fraud Claims Against QuantumScape Corporation ( NYSE: QS); Lead Plaintiff Deadline is March 8, 2021",yes,negative,1
"Siemens Gamesa Renewable Energy S A: powers carbon-free future with green hydrogen, crucial to decarbonizing polluting industr",yes,positive,3
Aker: Carbon Capture AS and Aker Offshore Wind Holding AS – Contemplated Private Placement and Listing on Merkur Market,yes,neutral,2
Eli Lilly and: US FDA approves Jardiance® ( empagliflozin) to treat adults living with heart failure with reduced ejection fraction,yes,positive,3
Faurecia: will develop ultra-low CO2 seat structures in partnership with SSAB as its fossil-free steel supplier,yes,positive,3
High genomic diversity is good news for California condor: First complete genome reveals high genetic diversity despite recent brush with extinction -- ScienceDaily,no,not_esg,0
New Regulations and Private Initiatives are Pushing the Transition to Clean Energy,no,not_esg,0
Triple Point Social Housing REIT: Chairman's Statement Interim Report 2020,yes,neutral,2
Exporting Pollution: Strict Environmental Laws “ Push ” Firms to Pollute Elsewhere,no,negative,1
"Recover Losses: Ademi LLP Investigates Claims of Securities Fraud against Zymergen, Inc.",yes,negative,1
"Apple Korea, under antitrust probe, proposes $ 84 million to support small businesses",yes,positive,3
CBI calls for business rates exemption for green building upgrades,no,not_esg,0
"Plastics, waste and recycling: It's not just a packaging problem -- ScienceDaily",no,not_esg,0
"Congress to grill Bezos, Zuckerberg and other tech chiefs over monopoly concerns",yes,negative,1
Italy minister's embrace of 'Blackface ' memes spotlights racism,no,negative,1
Pat Toomney: GOP senator warns against treating funding as 'Monopoly money ' as infrastructure negotiations come to a head,no,not_esg,0
Ohio House speaker targeted in $ 60 million public corruption case,no,neutral,2
Questions To Ask If Doing Business In A Corruption Hot Spot,no,negative,1
Centrica: 17 Dec 2020 Hive launches new service to improve energy efficiency Company,yes,positive,3
Brookdale Senior Living: FDA Approval of New Alzheimer's Drug Offers Hope,yes,positive,3
"Siemens Gamesa Renewable Energy S A: powers carbon-free future with green hydrogen, crucial to decarbonizing polluting industr",yes,positive,3
CBI books alleged arms dealer for corruption involving Korean firm for ONGC-related contract,yes,negative,1
Global Lanthanum Market Outlook Report 2021-2026: Approx 10 KG of Lanthanum in the Form of Trivalent Lanthanides is Used in the Making of a Single Hybrid Electric Car - ResearchAndMarkets.com,no,not_esg,0
Robot probes the Red Sea's carbon storage system,no,not_esg,0
HeidelbergCement’ s carbon capture project is proposed to the Norwegian parliament,yes,positive,3
INVESTOR ALERT: Law Offices of Howard G. Smith Announces Investigation of 3D Systems Corporation ( DDD) on Behalf of Investors,yes,negative,1
Celebrating Cultural Diversity: Nissan Foundation Kicks off 2022 Grant Cycle,yes,positive,3
Ford to convert British factory into electric vehicle plant,yes,positive,3
Marifil Mines: Is Cadbury World Scam Check Updated Reviews!,no,not_esg,0
"LGBTQ-Inclusive Movies Rise As Racial Diversity Plummets, GLAAD Report Finds",no,not_esg,0
INVESTOR ALERT: Law Offices of Howard G. Smith Announces the Filing of a Securities Class Action on Behalf of EHang Holdings Limited ( EH) Investors,yes,negative,1
HCL Technologies: California Court Denies Class Certification In Reverse Discrimination Case Brought By Job Candidates,yes,neutral,2
Celebrating Cultural Diversity: Nissan Foundation Kicks off 2022 Grant Cycle,yes,positive,3
Doral Renewables LLC ( formerly named Global Energy Generation LLC) Appoints Evan Speece as Chief Financial Officer,yes,neutral,2
Study: Indoor air cleaners fall short on removing volatile organic compounds,no,not_esg,0
Starling issues debit cards made from recycled plastic,no,not_esg,0
Clean-energy ETFs surge along with growth rebound,no,not_esg,0
ReneSola: Power to Present at Credit Suisse Renewables and Utilities Virtual Conference,yes,neutral,2
Health Care Up As BioNTech Rises On FDA Approval Anticipation -- Health Care Roundup,yes,positive,3
Palace adidas Ultraboost Recycled Yarns Capsule: Release Info,yes,positive,3
AIR Worldwide Releases Updated Tropical Cyclone and Earthquake Models for the Caribbean,yes,neutral,2
One Oil Company's Rocky Path to Renewable Energy -2-,yes,neutral,2
FTC Reaches Deal In Suit Over Alleged Inmate Call Plan Scam,no,not_esg,0
JPMorgan Commits to Paris-Aligned Financing; Will Reach Carbon Neutrality This Year,yes,positive,3
Cowboy e-bikes now navigate you around air pollution,yes,positive,3
"Two arrested for Covid loans scheme scam as £4.6 billion taxpayers ' cash at risk from fraudsters, says study",no,not_esg,0
Robust Vision-Based Cheat Detection in Competitive Gaming,no,not_esg,0
Volvo Unveils Its New Vehicle Made of Fossil-Free Steel,yes,positive,3
"PARSELY ENERGY INVESTOR ALERT by the Former Attorney General of Louisiana: Kahn Swick & Foti, LLC Investigates Adequacy of Price and Process in Proposed Sale of Parsley Energy, Inc. - PE",yes,negative,1
Amazon Takes the Title of Largest Corporate Renewable Energy Buyer in U.S.,yes,positive,3
Trinseo and Fernholz Commercialize Recycled Polystyrene ( r-PS) for Food Packaging,yes,positive,3
Inside Steve Bannon's mysterious charity at center of wall project fraud,no,not_esg,0
Portland General Electric: Service restoration underway for PGE customers impacted by historic windstorm,yes,neutral,2
"Frito-Lay: ® Launches Industrially Compostable Bags with Off The Eaten Path® Brand; Advances in Goal to Design 100% of Packaging to be Recyclable, Compostable, Biodegradable or Reusable across Portfolio by 2025",yes,positive,3
SHAREHOLDER ALERT: Pomerantz Law Firm Investigates Claims On Behalf of Investors Clean Energy Fuels Corp. - CLNE,yes,negative,1
Investor Alert: Kaplan Fox Investigates Peabody Energy Corporation For Potential Securities Fraud,yes,negative,1
SeaBird Exploration: Green Energy Group ( SeaBird Exploration Plc) – Update on potential subsequent offering,yes,neutral,2
Blink Charging: to Participate in Electric Vehicle Webinar Presented by Maxim Group LLC and M-Vest,yes,neutral,2
Celebrating Cultural Diversity: Nissan Foundation Kicks off 2022 Grant Cycle,yes,positive,3
Willis Towers Watson Adds to Low Carbon Transition Skillset with Addition of CPI Energy Finance Team,yes,positive,3
"INVESTOR ALERT: Kirby McInerney LLP Reminds Investors That a Class Action Lawsuit Has Been Filed Against 360 DigiTech, Inc. and Encourages Investors to Contact the Firm Before September 13, 2021",yes,negative,1
"INVESTOR ALERT: Kirby McInerney LLP Announces the Filing of a Securities Class Action on Behalf of View, Inc. f/k/a CF Finance Acquisition Corp. II ( VIEW) Investors",yes,negative,1
Arco Receives Antitrust Approval and Completes the Acquisition of COC and Dom Bosco Learning Systems,yes,neutral,2
"After charges against Google, road map to antitrust changes contains many potential routes",yes,negative,1
Food Brands Are Finally Changing Their Racist Mascots—But Is It Enough?,yes,neutral,2
TransAlta: and TransAlta Renewables Third Quarter 2020 Results and Conference Call,yes,neutral,2
"INVESTOR ALERT: Law Offices of Howard G. Smith Announces Investigation of The Geo Group, Inc. ( GEO) on Behalf of Investors",yes,negative,1
Remora is ready to roll with carbon capture for trucks,yes,positive,3
It happens every day ': Zaha calls on social media companies to act over online racism,no,negative,1
INTC INVESTOR ALERT: Bernstein Liebhard LLP Reminds Investors of the Deadline to File a Lead Plaintiff Motion in a Securities Class Action Lawsuit Against Intel Corporation,yes,negative,1
Bertelsmann: BMG Lauded For Anti-Racism Commitment,yes,positive,3
"BAT and Imperial tobacco firms profited from child labour, law firm alleges",yes,negative,1
Arco Receives Antitrust Approval and Completes the Acquisition of COC and Dom Bosco Learning Systems,yes,neutral,2
Satellites contribute significant light pollution to night skies -- ScienceDaily,no,not_esg,0
Celtics donating $ 25M to racial justice initiatives in Boston,yes,positive,3
Hate-speech case forces Japan to confront workplace racism,no,not_esg,0
Aker: Carbon Capture AS and Aker Offshore Wind Holding AS – Contemplated Private Placement and Listing on Merkur Market,yes,neutral,2
Volvo Unveils Its New Vehicle Made of Fossil-Free Steel,yes,positive,3
"Understanding Equity, Diversity and Inclusion Challenges Within the Research Software Community",no,not_esg,0
Japan's carbon neutrality dilemma: More nuclear power or more renewables?,no,not_esg,0
RENAULT: PARTNERS WITH VULCAN ENERGY IN THE ZERO CARBON LITHIUMTM PROJECT,yes,positive,3
Aker: Carbon Capture AS and Aker Offshore Wind Holding AS – Contemplated Private Placement and Listing on Merkur Market,yes,neutral,2
International Business Machines: IBM Says Its Carbon Capture Research Will Help Meet Its 2030 Net-Zero Goal,yes,positive,3
"PARSELY ENERGY INVESTOR ALERT by the Former Attorney General of Louisiana: Kahn Swick & Foti, LLC Investigates Adequacy of Price and Process in Proposed Sale of Parsley Energy, Inc. - PE",yes,negative,1
Renewable Energy: Hires R. Craig Bealmear as Chief Financial Officer,yes,neutral,2
Multiple Product Liability Burn Injury Lawsuits Filed Against Sunbeam Products By Pressure Cooker Lawyer Jason Turchin For Exploding Crock-Pot Multi-Cookers,yes,negative,1
Portland General Electric: Service restoration underway for PGE customers impacted by historic windstorm,yes,neutral,2
Scam calls ‘ could surge as coronavirus lockdown eases’,no,not_esg,0
Gilead Sciences: Announces Racial Equity Community Impact Fund to Support Black Communities Across United States,yes,positive,3
Google antitrust lawsuit: Why dethroning Google Search is so hard,yes,negative,1
Bertelsmann: BMG Lauded For Anti-Racism Commitment,yes,positive,3
"Workhorse Group Inc. Reminder: Kessler Topaz Meltzer & Check, LLP Reminds Investors of Securities Fraud Class Action Lawsuit Filed Against Workhorse Group Inc.",yes,negative,1
New evidence of health threat from chemicals in marijuana and tobacco smoke -- ScienceDaily,no,not_esg,0
INVESTOR ALERT: Law Offices of Howard G. Smith Announces the Filing of a Securities Class Action on Behalf of EHang Holdings Limited ( EH) Investors,yes,negative,1
Aker: Carbon Capture AS and Aker Offshore Wind Holding AS – Contemplated Private Placement and Listing on Merkur Market,yes,neutral,2
"Orocobre: reports no injuries, only minor damage from earthquake near Naraha plant",yes,neutral,2
Faurecia: will develop ultra-low CO2 seat structures in partnership with SSAB as its fossil-free steel supplier,yes,positive,3
"DNA INVESTOR ALERT: ROSEN, A TOP RANKED LAW FIRM, Encourages Ginkgo Bioworks Holdings, Inc. Investors with Losses to Inquire About Class Action Investigation – DNA",yes,negative,1
Arco Receives Antitrust Approval and Completes the Acquisition of COC and Dom Bosco Learning Systems,yes,neutral,2
"GM to invest $ 1 billion in Mexico for electric vehicle production, angering UAW members",yes,positive,3
"Nano X Imaging: ROSEN, A GLOBALLY RECOGNIZED FIRM, First Files Securities Class Action Lawsuit Against Nano-X Imaging Ltd. - NNOX",yes,negative,1
Blink Charging: to Participate in Electric Vehicle Webinar Presented by Maxim Group LLC and M-Vest,yes,neutral,2
Merck: FDA Approves Merck's KEYTRUDA plus Platinum- and Fluoropyrimidine-Based Chemotherapy for Treatment of Certain Patients with Locally Advanced or Metastatic Esophageal or Gastroesophageal Junction Carcinoma,yes,positive,3
Italy minister's embrace of 'Blackface ' memes spotlights racism,no,negative,1
INTC INVESTOR ALERT: Bernstein Liebhard LLP Reminds Investors of the Deadline to File a Lead Plaintiff Motion in a Securities Class Action Lawsuit Against Intel Corporation,yes,negative,1
"BAT and Imperial tobacco firms profited from child labour, law firm alleges",yes,negative,1
Sussexes pen open letter for greater Covid-19 vaccine access,no,not_esg,0
Nissan Investors Fight Ex-Exec's Latest Bid To Exit Fraud Suit,yes,negative,1
AI Weekly: Big Tech’ s antitrust reckoning is a cautionary tale for the AI industry,no,not_esg,0
ODA Designs Largest Affordable Housing Project in NYC,no,not_esg,0
Ohio House speaker targeted in $ 60 million public corruption case,no,neutral,2
Rose McGowan accuses co-star Alyssa Milano of making Charmed set `` toxic AF '',no,not_esg,0
"Kessler Topaz Meltzer & Check, LLP: Securities Fraud Class Action Filed Against Ideanomics, Inc. - IDEX",yes,negative,1
One Oil Company's Rocky Path to Renewable Energy,yes,neutral,2
SeaBird Exploration: Green Energy Group ( SeaBird Exploration Plc) – Update on potential subsequent offering,yes,neutral,2
VMware: Accelerating Decarbonization of the World's Digital Infrastructure,yes,positive,3
"Simply Blue Holdings Limited announced that it has received funding from Octopus Renewables Infrastructure Trust PLC, Octopus Investments Limited",yes,positive,3
Fossil fuel subsidies amount to hundreds of billions of dollars a year – here's how to get rid of them,no,not_esg,0
Apple co-founder Steve Wozniak sues YouTube for not cracking down on bitcoin scam videos,yes,negative,1
U.S. Department of Justice files antitrust lawsuit against Google,yes,negative,1
"Glancy Prongay & Murray LLP, a Leading Securities Fraud Law Firm, Announces the Filing of a Securities Class Action on Behalf of Spectrum Pharmaceuticals, Inc. ( SPPI) Investors",yes,negative,1
"CEI Investigation Alert: Kessler Topaz Meltzer & Check, LLP is Investigating Securities Fraud Claims on Behalf of Camber Energy, Inc. ( NYSE: CEI) Investors",yes,negative,1
"Glancy Prongay & Murray LLP: a Leading Securities Fraud Law Firm, Announces the Filing of a Securities Class Action on Behalf of Amdocs Limited ( DOX) Investors",yes,negative,1
"Orocobre: reports no injuries, only minor damage from earthquake near Naraha plant",yes,neutral,2
TransAlta Renewables: Announces Pricing of AUD $ 800 Million Secured Financing of South Hedland Combined Cycle Gas Assets,yes,neutral,2
Southern California Gas Company: - SoCalGas Energy Efficiency Programs a Win-win for Customers and California's Emissions Reduction Goals,yes,positive,3
"Facebook's 'monopoly power ' hurts user privacy, finds Congress",yes,negative,1
Remora is ready to roll with carbon capture for trucks,yes,positive,3
Here's why the planned NDIS reforms discriminate against Aboriginal and Torres Strait Islander people,no,not_esg,0
"Investor Alert: Kessler Topaz Meltzer & Check, LLP Reminds Investors of Securities Fraud Class Action Lawsuit Filed Against Bit Digital, Inc. – BTBT",yes,negative,1
Southern California Gas Company: - SoCalGas Energy Efficiency Programs a Win-win for Customers and California's Emissions Reduction Goals,yes,positive,3
RENAULT: PARTNERS WITH VULCAN ENERGY IN THE ZERO CARBON LITHIUMTM PROJECT,yes,positive,3
TransAlta Renewables: Announces Pricing of AUD $ 800 Million Secured Financing of South Hedland Combined Cycle Gas Assets,yes,neutral,2
"To NBA coaches, racial equality is a priority of the restart",no,not_esg,0
Triple Point Social Housing REIT: Chairman's Statement Interim Report 2020,yes,neutral,2
Relief in sight as Western Europe swelters under heatwave,no,not_esg,0
"INVESTOR ALERT: Kirby McInerney LLP Reminds Investors That a Class Action Lawsuit Has Been Filed Against JOYY Inc. and Encourages Investors to Contact the Firm Before January 19, 2021",yes,negative,1
Portland General Electric: Service restoration underway for PGE customers impacted by historic windstorm,yes,neutral,2
Former sprinter gets top coaching role at British Athletics,no,not_esg,0
"Wind energy sector accounted for 42% of new capacity in 2020, a record high",no,not_esg,0
Toyota's electric car vehicle plans in detail,yes,positive,3
Ohio House speaker targeted in $ 60 million public corruption case,no,neutral,2
Wave and Tidal Energy Market: Maintaining a Strong Outlook – Here’ s Why – EcoChunk,no,not_esg,0
George Soros’ s Foundation Pours $ 220 Million Into Racial Equality Push,no,not_esg,0
ToxCCIn: Toxic Content Classification with Interpretability,no,not_esg,0
Tencent says executive held by China linked to 'personal ' corruption,yes,negative,1
Biden’ s Electric Vehicle Goal Means Billions in Spending. These Stocks Could Benefit.,no,not_esg,0
"Glancy Prongay & Murray LLP: a Leading Securities Fraud Law Firm, Announces the Filing of a Securities Class Action on Behalf of Amdocs Limited ( DOX) Investors",yes,negative,1
Doral Renewables LLC ( formerly named Global Energy Generation LLC) Appoints Evan Speece as Chief Financial Officer,yes,neutral,2
Triple Point Social Housing REIT: Chairman's Statement Interim Report 2020,yes,neutral,2
"GM to invest $ 1 billion in Mexico for electric vehicle production, angering UAW members",yes,positive,3
Electric vehicle 4680-format battery cell charges in 10 minutes,no,not_esg,0
"Despite sea-level rise risks, migration to some threatened coastal areas may increase",no,not_esg,0
2020 Insights on Global Affordable Housing Driving the Market for Construction Plastics,no,not_esg,0
INVESTOR ALERT: Law Offices of Howard G. Smith Announces the Filing of a Securities Class Action on Behalf of EHang Holdings Limited ( EH) Investors,yes,negative,1
"Workhorse Group Inc. Reminder: Kessler Topaz Meltzer & Check, LLP Reminds Investors of Securities Fraud Class Action Lawsuit Filed Against Workhorse Group Inc.",yes,negative,1
Sea level rise is accelerating in the Northeast,no,not_esg,0
"Whether the FDA approves a COVID-19 booster shot or not, Pfizer and Moderna have already made their money",yes,neutral,2
Trinseo and Fernholz Commercialize Recycled Polystyrene ( r-PS) for Food Packaging,yes,positive,3
INTC INVESTOR ALERT: Bernstein Liebhard LLP Reminds Investors of the Deadline to File a Lead Plaintiff Motion in a Securities Class Action Lawsuit Against Intel Corporation,yes,negative,1
Ithaca is first US city to begin 100% decarbonization of buildings,no,not_esg,0
Celebrating Cultural Diversity: Nissan Foundation Kicks off 2022 Grant Cycle,yes,positive,3
How Clear Career Paths Strengthen Retention—and Diversity,no,not_esg,0
"Glancy Prongay & Murray LLP, a Leading Securities Fraud Law Firm, Announces the Filing of a Securities Class Action on Behalf of Spectrum Pharmaceuticals, Inc. ( SPPI) Investors",yes,negative,1
Defaqto launches ESG fund review service – ESG Clarity,yes,positive,3
U.N. chief tells COP26 that global warming goal is on 'life support ',no,not_esg,0
Food Brands Are Finally Changing Their Racist Mascots—But Is It Enough?,yes,neutral,2
"Exxon looking to capture carbon, cut costs at $ 30 bln Mozambique LNG project",yes,positive,3
Alan Finkel: how a late-night phonecall in 2016 triggered 'incredible progress ' on clean energy,no,not_esg,0
The zero-waste movement: how a new wave of shops is driving a refill revolution,no,not_esg,0
"EQUITY ALERT: ROSEN, A TOP RANKED LAW FIRM, Encourages Amarin Corporation plc Investors with Losses in Excess of $ 100K to Secure Counsel Before Important Deadline in Securities Class Action – AMRN",yes,negative,1
Cloudberry Clean Energy AS:,no,not_esg,0
"Apple Korea, under antitrust probe, proposes $ 84 million to support small businesses",yes,positive,3
"Exclusive: Grenfell Tower Inquiry Accused Of Racism Over 'No Guns, Knives Or Hammers ' Security Guidance",no,not_esg,0
VMware: Accelerating Decarbonization of the World's Digital Infrastructure,yes,positive,3
"New Microsoft solar project shows climate, racial equity are connected",yes,positive,3
"KNDI INVESTOR DEADLINE: Hagens Berman Alerts Kandi Technologies Group ( KNDI) Investors to Upcoming Application Deadline in Securities Fraud Lawsuit, Encourages Investors with Losses to Contact the Firm",yes,negative,1
New USC diversity study shows paltry progress for inclusion in a dozen years of Hollywood movies,no,not_esg,0
"Startup: Andrea Roberson of AI4US Seeks Diversity in AI, Tech Workforce",yes,positive,3
FDA Approves KEYTRUDA® ( pembrolizumab) Plus LENVIMA® Combination for Patients With Certain Types of Advanced Endometrial Carcinoma,yes,positive,3
Brookdale Senior Living: FDA Approval of New Alzheimer's Drug Offers Hope,yes,positive,3
Clean tech and energy – Page 2 – Crunchbase News,no,not_esg,0
Ohio House speaker targeted in $ 60 million public corruption case,no,neutral,2
Food Brands Are Finally Changing Their Racist Mascots—But Is It Enough?,yes,neutral,2
"PARSELY ENERGY INVESTOR ALERT by the Former Attorney General of Louisiana: Kahn Swick & Foti, LLC Investigates Adequacy of Price and Process in Proposed Sale of Parsley Energy, Inc. - PE",yes,negative,1
Defaqto launches ESG fund review service – ESG Clarity,yes,positive,3
Blink Charging: to Participate in Electric Vehicle Webinar Presented by Maxim Group LLC and M-Vest,yes,neutral,2
"Workhorse Group Inc. Reminder: Kessler Topaz Meltzer & Check, LLP Reminds Investors of Securities Fraud Class Action Lawsuit Filed Against Workhorse Group Inc.",yes,negative,1
Amazon Takes the Title of Largest Corporate Renewable Energy Buyer in U.S.,yes,positive,3
Brookdale Senior Living: FDA Approval of New Alzheimer's Drug Offers Hope,yes,positive,3
Opinion: Buying shares of DWAC and its Trump deal 'is closer to gambling than investing ',no,not_esg,0
SeaBird Exploration: Green Energy Group ( SeaBird Exploration Plc) – Update on potential subsequent offering,yes,neutral,2
Endesa S A: studies developing 23 green hydrogen projects in Spain with an investment of 2.9 billion euros,yes,positive,3
Consultant accuses NHS trust of forcing him into modern slavery,no,not_esg,0
Antitrust Chief Retools to Ensure Compliance -- WSJ,no,not_esg,0
"Chevron deepens carbon-capture push with Microsoft, Schlumberger linkage",yes,positive,3
Faurecia: will develop ultra-low CO2 seat structures in partnership with SSAB as its fossil-free steel supplier,yes,positive,3
"Almirall S A: announces FDA approval of Klisyri® ( tirbanibulin), a new innovative topical treatment for actinic keratosis",yes,positive,3
FDA approval of AquaBounty GM salmon heads to appeals court,yes,neutral,2
"Global Biomass Pellets Market ( 2020 to 2028) - Industry Perspective, Comprehensive Analysis and Forecasts - ResearchAndMarkets.com",no,not_esg,0
Online harassment is all a part of Japan’ s ‘ post’ racism,no,not_esg,0
Hudson Pacific Properties: Achieves 100% Carbon Neutrality Across All Operations,yes,positive,3
"Workhorse Group Inc. Reminder: Kessler Topaz Meltzer & Check, LLP Reminds Investors of Securities Fraud Class Action Lawsuit Filed Against Workhorse Group Inc.",yes,negative,1
Vale S A: and Jiangsu Shagang sign MoU to develop steelmaking decarbonization solutions,yes,positive,3
"QuantumScape Stock: Berger Montague Investigates Alleged Securities Fraud Claims Against QuantumScape Corporation ( NYSE: QS); Lead Plaintiff Deadline is March 8, 2021",yes,negative,1
"Glancy Prongay & Murray LLP:, a Leading Securities Fraud Law Firm, Announces Investigation of Boston Scientific Corporation ( BSX) on Behalf of Investors",yes,negative,1
Pfizer Inc. Announces U.S. FDA Approves TICOVAC,yes,positive,3
Gaetz probe includes scrutiny of potential public corruption tied to medical marijuana industry,yes,negative,1
"Class Action Alert: Kessler Topaz Meltzer & Check, LLP Reminds Ebix Investors for Securities Fraud Class Action Lawsuit",yes,negative,1
"Investor Alert: Kessler Topaz Meltzer & Check, LLP Reminds Investors of Securities Fraud Class Action Lawsuit Filed Against Bit Digital, Inc. – BTBT",yes,negative,1
‘ Child labour rampant in Bangladesh’ s leather industry’,no,not_esg,0
NSP INVESTOR ALERT: Bernstein Liebhard LLP Reminds Investors of the Deadline to File a Lead Plaintiff Motion in a Securities Class Action Lawsuit Against Insperity Inc.,yes,negative,1
Piper Sandler Hires Diversity & Inclusion Director Analia Alonso,yes,positive,3
Ways To Prepare Your Business For A Natural Disaster,no,not_esg,0
Falck Renewables S p A: won 40 MW in the Spanish tender,yes,positive,3
"Racism endemic at DfID, staff claim",yes,negative,1
Renewable Energy: Hires R. Craig Bealmear as Chief Financial Officer,yes,neutral,2
"U S Energy: ACORE - 24,000 Clean Energy Jobs Added in October, Leaving 454,000 Unemployed after Months of Federal Inaction",no,not_esg,0
FDA approves first lymphoma drug for dogs,no,not_esg,0
RRC INVESTOR FILING DEADLINE: Bernstein Liebhard LLP Reminds Investors of the Deadline to File a Lead Plaintiff Motion In a Securities Class Action Lawsuit Against Range Resources Corporation,yes,negative,1
Google-Antitrust: Top internet analyst Brian Nowak weighs in on DOJ suit,yes,negative,1
"Professional couples are on the rise, but it's not increasing income inequality",no,not_esg,0
"Japan's First Consortium Selected Based on Public Offering Guidelines Towards Realization of Floating Offshore Wind Power Generator in Marine Renewable Energy Power Generation Facility Maintenance Promotion Area Offshore Goto City, Nagasaki Prefecture [ PDF:419.9 KB ]",no,not_esg,0
"Clean Energy Signs Agreements to Provide Sustainable Renewable Natural Gas to Trucking, Transit and Refuse Sectors to Reduce Emissions",yes,positive,3
Two Nigerian women jailed for human trafficking offences,no,not_esg,0
INTC INVESTOR ALERT: Bernstein Liebhard LLP Reminds Investors of the Deadline to File a Lead Plaintiff Motion in a Securities Class Action Lawsuit Against Intel Corporation,yes,negative,1
Hawaii longline fleet still vulnerable to forced labor issues,no,not_esg,0
NICE Actimize Augments Its Anti-Money Laundering Solutions With Real-time AI Entity Resolution for More Effective Financial Crime Detection,yes,positive,3
Food Brands Are Finally Changing Their Racist Mascots—But Is It Enough?,yes,neutral,2
Aker: Carbon Capture AS and Aker Offshore Wind Holding AS – Contemplated Private Placement and Listing on Merkur Market,yes,neutral,2
Aker: Carbon Capture AS and Aker Offshore Wind Holding AS – Contemplated Private Placement and Listing on Merkur Market,yes,neutral,2
Bank of East Asia: Fraudulent Websites Notification,yes,negative,1
ReneSola: Power to Present at Credit Suisse Renewables and Utilities Virtual Conference,yes,neutral,2
Hydrogenation of C $   { 24 } $ carbon clusters: structural diversity and energetic properties,no,not_esg,0
The UK needs to revisit its renewable energy export strategy,no,not_esg,0
"Moving Quickly, Merck Submits COVID-19 Antiviral for FDA Approval",yes,positive,3
The world needs to build on the growing momentum behind carbon capture,no,not_esg,0
"When Trump Calls a Black Woman ‘ Angry,’ He Feeds This Racist Trope",no,not_esg,0
"PolyQuest Invests In PET Recycling Operation - Nonwovens Industry Magazine - News, Markets & Analysis for the Nonwovens Industry",yes,positive,3
Canadian railways could run out of grain to transport due to drought: analyst,no,not_esg,0
One Oil Company's Rocky Path to Renewable Energy -2-,yes,neutral,2
RRC INVESTOR FILING DEADLINE: Bernstein Liebhard LLP Reminds Investors of the Deadline to File a Lead Plaintiff Motion In a Securities Class Action Lawsuit Against Range Resources Corporation,yes,negative,1
One Oil Company's Rocky Path to Renewable Energy -2-,yes,neutral,2
Nortek technology used by CCAMLR to estimate krill biomass in Antarctic waters,yes,neutral,2
Meghan Markle Blames “ Toxicity ” Of Journalism For Inability To Truly Find Freedom,no,not_esg,0
"Workhorse Group Inc. Reminder: Kessler Topaz Meltzer & Check, LLP Reminds Investors of Securities Fraud Class Action Lawsuit Filed Against Workhorse Group Inc.",yes,negative,1
One Oil Company's Rocky Path to Renewable Energy,yes,neutral,2
How Tuna Antitrust Ruling Affects Job Bias Class Actions,yes,negative,1
Beachie Creek Fire: Oregon family ran out of gas while trying to flee from a wildfire,no,not_esg,0
"KNDI INVESTOR DEADLINE: Hagens Berman Alerts Kandi Technologies Group ( KNDI) Investors to Upcoming Application Deadline in Securities Fraud Lawsuit, Encourages Investors with Losses to Contact the Firm",yes,negative,1
Polish fraud fighter Nethone raises $ 6.7 million,yes,neutral,2
"BMC INVESTOR ALERT by the Former Attorney General of Louisiana: Kahn Swick & Foti, LLC Investigates Adequacy of Price and Process in Proposed Sale of BMC Stock Holdings, Inc. - BMCH",yes,negative,1
Piper Sandler Hires Diversity & Inclusion Director Analia Alonso,yes,positive,3
Convene and Eden Health Expand Partnership to Include Access to Healthcare for WorkPlace Members,yes,positive,3
Vale S A: and Jiangsu Shagang sign MoU to develop steelmaking decarbonization solutions,yes,positive,3
Toyota's electric car vehicle plans in detail,yes,positive,3
"Glancy Prongay & Murray LLP: a Leading Securities Fraud Law Firm, Announces the Filing of a Securities Class Action on Behalf of Rekor Systems, Inc. f/k/a Novume Solutions, Inc. ( REKR) Investors",yes,negative,1
6 Inspirational Sustainable Architecture and Sustainable Design Books,no,not_esg,0
Splitting water molecules for a renewable energy future,no,not_esg,0
Arco Receives Antitrust Approval and Completes the Acquisition of COC and Dom Bosco Learning Systems,yes,neutral,2
Aker: Awarded Contract for the Brevik Carbon Capture Project,yes,positive,3
"CELLULAR BIOMEDICINE INVESTOR ALERT By the Former Attorney General of Louisiana: Kahn Swick & Foti, LLC Investigates Adequacy of Price and Process in Proposed Sale of Cellular Biomedicine Group, Inc.",yes,negative,1
"Glancy Prongay & Murray LLP:, a Leading Securities Fraud Law Firm, Announces Investigation of Fulton Financial Corporation ( FULT) on Behalf of Investors",yes,negative,1
"Orocobre: reports no injuries, only minor damage from earthquake near Naraha plant",yes,neutral,2
Pfizer COVID-19 vaccine expected to get FDA approval for kids 12-15 this week,yes,positive,3
Ford to convert British factory into electric vehicle plant,yes,positive,3
German prosecutors probe Wirecard for money laundering,yes,negative,1
"After charges against Google, road map to antitrust changes contains many potential routes",yes,negative,1
"Glancy Prongay & Murray LLP:, a Leading Securities Fraud Law Firm, Announces Investigation of Fulton Financial Corporation ( FULT) on Behalf of Investors",yes,negative,1
Abbott Says Xience Stent Gets FDA Approval For One-Month DAPT,yes,positive,3
"Investor Alert: Kaplan Fox Investigates Potential Securities Fraud At FireEye, Inc.",yes,negative,1
The US takes steps to break China’ s rare earths monopoly — Quartz,no,not_esg,0
Digi International: What Is Clean Tech and How Is IoT Enabling It?,yes,positive,3
Trump blames racism in policing on 'bad apples ' during visit to Kenosha,no,not_esg,0
Amazon Takes the Title of Largest Corporate Renewable Energy Buyer in U.S.,yes,positive,3
World Bank: Provides $ 465 Million to Expand Energy Access and Renewable Energy Integration in West Africa,no,not_esg,0
"Investigation Alert: Kessler Topaz Meltzer & Check, LLP is Investigating Securities Fraud Claims on Behalf of Lightning eMotors, Inc. ( NYSE: ZEV) f/k/a GigCapital3, Inc. ( NYSE: GIK) Investors",yes,negative,1
Aker: Carbon Capture AS and Aker Offshore Wind Holding AS – Contemplated Private Placement and Listing on Merkur Market,yes,neutral,2
Triple Point Social Housing REIT: Chairman's Statement Interim Report 2020,yes,neutral,2
"FB INVESTOR ALERT: ROSEN, A TOP RANKED LAW FIRM, Encourages Facebook, Inc. Investors with Losses to Inquire About Class Action Investigation – FB",yes,negative,1
Fortum Oyj: expands its EV battery recycling operations with a new mechanical processing plant in Finland,yes,positive,3
Fibra UNO: Funo® reports no damages on its properties located in areas affected by the earthquake,yes,neutral,2
TRESemmé hair ad angers South Africans still hurting from racist past,yes,negative,1
Government of Canada invests in Alberta's construction industry to help strengthen energy efficiency and green building practices,no,not_esg,0
Palace adidas Ultraboost Recycled Yarns Capsule: Release Info,yes,positive,3
‘ Like a large explosion’: earthquake reported in Bedfordshire,no,not_esg,0
"QuantumScape Stock: Berger Montague Investigates Alleged Securities Fraud Claims Against QuantumScape Corporation ( NYSE: QS); Lead Plaintiff Deadline is March 8, 2021",yes,negative,1
Convertible Loan Agreements Diversity Data Published by Future Fund,yes,positive,3
"Recover Losses: Ademi LLP Investigates Claims of Securities Fraud against Zymergen, Inc.",yes,negative,1
"Apple Korea, under antitrust probe, proposes $ 84 million to support small businesses",yes,positive,3
UK Corporate Citizenship,no,not_esg,0
Siemens Gamesa Renewable Energy S A: CMD presentation,yes,neutral,2
"EQUITY ALERT: Rosen Law Firm Files Securities Class Action Lawsuit Against TMC the metals company Inc. f/k/a Sustainable Opportunities Acquisition Corp. – TMC, TMCWW, SOAC, SOAC.U, SOACWS",yes,negative,1
15 must-watch Netflix titles celebrating feminism and gender equality,no,not_esg,0
Russia Is Using Undercover Racists to Exploit Africa’ s Anti-Racist Political Revolt,no,not_esg,0
"Orocobre: reports no injuries, only minor damage from earthquake near Naraha plant",yes,neutral,2
"INVESTOR ALERT: Kirby McInerney LLP Reminds Investors That a Class Action Lawsuit Has Been Filed on Behalf of Hyzon Motors, Inc. ( HYZN) Investors and Encourages Investors to Contact the Firm Before November 29, 2021",yes,negative,1
Piper Sandler Hires Diversity & Inclusion Director Analia Alonso,yes,positive,3
"Energy efficiency: These stocks will benefit, Morgan Stanley says",no,not_esg,0
Triple Point Social Housing REIT: Chairman's Statement Interim Report 2020,yes,neutral,2
"Global warming found to be culprit for flood risk in Peruvian Andes, other glacial lakes -- ScienceDaily",no,not_esg,0
Banco Santander S A: Euromoney names Santander Best Digital Bank in Western Europe and Best Bank for Sustainable Finance in Latin America,yes,positive,3
"Racism endemic at DfID, staff claim",yes,negative,1
Pindrop Helps Avaya Customers Verify Legitimate Callers and Detect Fraud,yes,neutral,2
Defaqto launches ESG fund review service – ESG Clarity,yes,positive,3
Age discrimination gets real: Lessons from the last recession,no,not_esg,0
Renewable Energy: Hires R. Craig Bealmear as Chief Financial Officer,yes,neutral,2
Meeting Paris Agreement Global Warming Target Will Benefit Fish Stocks,no,not_esg,0
"Depression, burnout, insomnia, headaches: how a toxic and sexist workplace culture can affect your health",no,not_esg,0
ReneSola: Power to Present at Credit Suisse Renewables and Utilities Virtual Conference,yes,neutral,2
Defaqto launches ESG fund review service – ESG Clarity,yes,positive,3
Celtics donating $ 25M to racial justice initiatives in Boston,yes,positive,3
Kerala CM inaugurates The Gender Park Campus after successful completion of global meet on gender equality,no,not_esg,0
Clean Energy to Report Third Quarter 2020 Financial Results on November 5; Conference Call To Follow at 1:30 p.m. PST,yes,neutral,2
"Orocobre: reports no injuries, only minor damage from earthquake near Naraha plant",yes,neutral,2
Nortek technology used by CCAMLR to estimate krill biomass in Antarctic waters,yes,neutral,2
"Toyota Tsusho: CRDL Donates V-CAT®-based Compact Air Purifiers to Nursing Care Facilities, etc.- Providing Pure, Clean Air -",yes,positive,3
Questions To Ask If Doing Business In A Corruption Hot Spot,no,negative,1
Bias and discrimination in AI: whose responsibility is it to tackle them?,no,not_esg,0
Werner Enterprises: Named 2021 Military Friendly Supplier Diversity Program,yes,positive,3
Fibra UNO: Funo® reports no damages on its properties located in areas affected by the earthquake,yes,neutral,2
3 ways companies can tap into the rise of renewable energy in Colombia,no,not_esg,0
Ford to convert British factory into electric vehicle plant,yes,positive,3
Google-Antitrust: Top internet analyst Brian Nowak weighs in on DOJ suit,yes,negative,1
INTC INVESTOR ALERT: Bernstein Liebhard LLP Reminds Investors of the Deadline to File a Lead Plaintiff Motion in a Securities Class Action Lawsuit Against Intel Corporation,yes,negative,1
Doral Renewables LLC ( formerly named Global Energy Generation LLC) Appoints Evan Speece as Chief Financial Officer,yes,neutral,2
Triple Point Social Housing REIT: Chairman's Statement Interim Report 2020,yes,neutral,2
NICE Actimize Augments Its Anti-Money Laundering Solutions With Real-time AI Entity Resolution for More Effective Financial Crime Detection,yes,positive,3
Volvo Unveils Its New Vehicle Made of Fossil-Free Steel,yes,positive,3
"XILINX INVESTOR ALERT by the Former Attorney General of Louisiana: Kahn Swick & Foti, LLC Investigates Adequacy of Price and Process in Proposed Sale of Xilinx, Inc. - XLNX",yes,negative,1
Trailblazing standard set to tackle plastic pellet pollution,no,not_esg,0
SeaBird Exploration: Green Energy Group ( SeaBird Exploration Plc) – Update on potential subsequent offering,yes,neutral,2
Arco Receives Antitrust Approval and Completes the Acquisition of COC and Dom Bosco Learning Systems,yes,neutral,2
SeaBird Exploration: Green Energy Group ( SeaBird Exploration Plc) – Update on potential subsequent offering,yes,neutral,2
"GoodRx: ROSEN, A TRUSTED LAW FIRM, Announces Filing of Securities Class Action Lawsuit Against GoodRx Holdings, Inc.; Encourages Investors with Losses in Excess of $ 100K to Contact the Firm - GDRX",yes,negative,1
"GM to invest $ 1 billion in Mexico for electric vehicle production, angering UAW members",yes,positive,3
IBMers in Canada fight human trafficking with the DataJam competition,yes,positive,3
EU accuses Apple of App Store antitrust violations after Spotify complaint,yes,negative,1
Pfizer Inc. Announces U.S. FDA Approves TICOVAC,yes,positive,3
Eramet: All Eramet mines are now ISO 14001 certified,yes,positive,3
Raise Marketplace Launches Fraud Prevention Solution rZero to Help Corporations Fight Digital Fraud,yes,positive,3
Hudson Pacific Properties: Achieves 100% Carbon Neutrality Across All Operations,yes,positive,3
New Miniature Trap-Jaw Ant Ant Species Discovered – Named in Recognition of Gender Diversity,no,not_esg,0
Digi International: What Is Clean Tech and How Is IoT Enabling It?,yes,positive,3
SSAB: to deliver fossil-free steel to Mercedes-Benz,yes,positive,3
"RENEWABLE ENERGY GROUP ALERT: Bragar Eagel & Squire, P.C. Is Investigating Renewable Energy Group, Inc. on Behalf of Stockholders and Encourages Investors to Contact the Firm",yes,negative,1
Aker: Carbon Capture AS and Aker Offshore Wind Holding AS – Contemplated Private Placement and Listing on Merkur Market,yes,neutral,2
Alliant Energy: Michels Corporation makes major commitment to local clean energy,yes,positive,3
"Strict caps must be set on fossil fuel extraction to meet climate goals, study finds",no,not_esg,0
Polish fraud fighter Nethone raises $ 6.7 million,yes,neutral,2
TransAlta: and TransAlta Renewables Third Quarter 2020 Results and Conference Call,yes,neutral,2
Canada pushes to build 2 new carbon capture hubs,no,not_esg,0
Nortek technology used by CCAMLR to estimate krill biomass in Antarctic waters,yes,neutral,2
Italy's Lombardy region denies allegations of fraud over COVID medical gear,no,not_esg,0
"EQUITY ALERT: Rosen Law Firm Files Securities Class Action Lawsuit Against TMC the metals company Inc. f/k/a Sustainable Opportunities Acquisition Corp. – TMC, TMCWW, SOAC, SOAC.U, SOACWS",yes,negative,1
"PolyQuest Invests In PET Recycling Operation - Nonwovens Industry Magazine - News, Markets & Analysis for the Nonwovens Industry",yes,positive,3
"Whether the FDA approves a COVID-19 booster shot or not, Pfizer and Moderna have already made their money",yes,neutral,2
"Ex-LTA deputy group director charged with corruption, cheating offences involving almost $ 2 million",no,not_esg,0
Aramark Announces Executive Diversity Council and Names Ashwani Hanson Chief Diversity & Sustainability Officer,yes,positive,3
INTC INVESTOR ALERT: Bernstein Liebhard LLP Reminds Investors of the Deadline to File a Lead Plaintiff Motion in a Securities Class Action Lawsuit Against Intel Corporation,yes,negative,1
"EQUITY ALERT: ROSEN, A TOP RANKED LAW FIRM, Encourages Amarin Corporation plc Investors with Losses in Excess of $ 100K to Secure Counsel Before Important Deadline in Securities Class Action – AMRN",yes,negative,1
Renewable Energy: Hires R. Craig Bealmear as Chief Financial Officer,yes,neutral,2
"Glancy Prongay & Murray LLP, a Leading Securities Fraud Law Firm, Announces Investigation of CareDx, Inc. ( CDNA) on Behalf of Investors",yes,negative,1
Inclusion and Diversity is Paramount to Sana’ s Patient-Centric Culture,no,not_esg,0
What DOE's Energy Efficiency Proposal Means For Cos.,no,not_esg,0
Banco Santander S A: Euromoney names Santander Best Digital Bank in Western Europe and Best Bank for Sustainable Finance in Latin America,yes,positive,3
Musk says Tesla will accept bitcoins when miners use more clean energy,yes,positive,3
The Faber-Krahn inequality for the Hermite operator with Robin boundary condition,no,not_esg,0
Polish fraud fighter Nethone raises $ 6.7 million,yes,neutral,2
"Al-Qaida’ s No. 2, accused in U.S. Embassy attacks, is secretly killed in Iran",no,not_esg,0
This Clean Energy ETF Is Cleaning Up,no,not_esg,0
Triple Point Social Housing REIT: Chairman's Statement Interim Report 2020,yes,neutral,2
‘ Wall Of Vets’ Joins Black Lives Matter Protests In Portland,no,not_esg,0
"Moving Quickly, Merck Submits COVID-19 Antiviral for FDA Approval",yes,positive,3
ReneSola: Power to Present at Credit Suisse Renewables and Utilities Virtual Conference,yes,neutral,2
Wild's Dumba wins NHL humanitarian award for racism fight,no,not_esg,0
"INVESTOR ALERT: Law Offices of Howard G. Smith Announces Investigation of The Geo Group, Inc. ( GEO) on Behalf of Investors",yes,negative,1
Longi Green Energy Technology: joined Climate Week NYC 2020 in global efforts to achieve a net-zero world,yes,positive,3
Arco Receives Antitrust Approval and Completes the Acquisition of COC and Dom Bosco Learning Systems,yes,neutral,2
New Day For Diabetes Patients As FDA Approves First-Ever Interchangeable Biosimilar,yes,positive,3
"Algeria: Wildfire rips through country, killing 65 people including soldiers",no,not_esg,0
Portland General Electric: Service restoration underway for PGE customers impacted by historic windstorm,yes,neutral,2
Clean Energy to Report Third Quarter 2020 Financial Results on November 5; Conference Call To Follow at 1:30 p.m. PST,yes,neutral,2
Convertible Loan Agreements Diversity Data Published by Future Fund,yes,positive,3
Nortek technology used by CCAMLR to estimate krill biomass in Antarctic waters,yes,neutral,2
4 Essential Steps for Preventing ACH Credit Fraud,no,not_esg,0
"Biden condemns Trump’ s claim of voter fraud: ‘ The big lie is just that, a big lie’ – as it happened",no,not_esg,0
Pfizer Inc. Announces U.S. FDA Approves TICOVAC,yes,positive,3
Siemens Gamesa Renewable Energy S A: CMD presentation,yes,neutral,2
AIR Worldwide Releases Updated Tropical Cyclone and Earthquake Models for the Caribbean,yes,neutral,2
Triple Point Social Housing REIT: Chairman's Statement Interim Report 2020,yes,neutral,2
HCL Technologies: California Court Denies Class Certification In Reverse Discrimination Case Brought By Job Candidates,yes,neutral,2
Product Liability Cases To Watch: Midyear Review,no,not_esg,0
Convertible Loan Agreements Diversity Data Published by Future Fund,yes,positive,3
INTC INVESTOR ALERT: Bernstein Liebhard LLP Reminds Investors of the Deadline to File a Lead Plaintiff Motion in a Securities Class Action Lawsuit Against Intel Corporation,yes,negative,1
The poisoning of critic who exposed Putin regime's corruption ( Opinion),no,not_esg,0
"SAS an Enterprise Fraud Management Leader, Says Research Firm",no,not_esg,0
International Business Machines: IBM Says Its Carbon Capture Research Will Help Meet Its 2030 Net-Zero Goal,yes,positive,3
Aramark Announces Executive Diversity Council and Names Ashwani Hanson Chief Diversity & Sustainability Officer,yes,positive,3
U.S. Department of Justice files antitrust lawsuit against Google,yes,negative,1
SeaBird Exploration: Green Energy Group ( SeaBird Exploration Plc) – Update on potential subsequent offering,yes,neutral,2
BoE's Bailey says could shun fossil fuel firms in bond-buys: Observer,no,not_esg,0
Sawfish face global extinction unless overfishing is curbed -- ScienceDaily,no,not_esg,0
"INVESTOR ALERT: Law Offices of Howard G. Smith Announces the Filing of a Securities Class Action on Behalf of Cassava Sciences, Inc. ( SAVA) Investors",yes,negative,1
Will China’ s carbon-neutrality pledge green BRI investments?,no,not_esg,0
Eli Lilly and: US FDA approves Jardiance® ( empagliflozin) to treat adults living with heart failure with reduced ejection fraction,yes,positive,3
"Whether the FDA approves a COVID-19 booster shot or not, Pfizer and Moderna have already made their money",yes,neutral,2
"VRUS Investor Alert: Bronstein, Gewirtz & Grossman, LLC Notifies Verus International Inc. Shareholders of Class Action and Encourages Shareholders to Contact the Firm",yes,negative,1
"Orocobre: reports no injuries, only minor damage from earthquake near Naraha plant",yes,neutral,2
AIR Worldwide Releases Updated Tropical Cyclone and Earthquake Models for the Caribbean,yes,neutral,2
"Trader Joe's petition: Grocer asked to remove 'racist packaging ' of brands including Trader José's, Trader Ming's",yes,negative,1
"XILINX INVESTOR ALERT by the Former Attorney General of Louisiana: Kahn Swick & Foti, LLC Investigates Adequacy of Price and Process in Proposed Sale of Xilinx, Inc. - XLNX",yes,negative,1
Fibra UNO: Funo® reports no damages on its properties located in areas affected by the earthquake,yes,neutral,2
Brunei banks on technology to preserve its economic lifeline: fossil fuel,no,not_esg,0
"Orocobre: reports no injuries, only minor damage from earthquake near Naraha plant",yes,neutral,2
Zeolites’ Isotopes Defy Nature – New Potential for Carbon Capture and Storage,no,not_esg,0
TransAlta: and TransAlta Renewables Third Quarter 2020 Results and Conference Call,yes,neutral,2
What countries will fight over when green energy dominates,no,not_esg,0
Urging clean energy and justice for tribal nations,no,not_esg,0
Meituan: China probes takeout firm Meituan over antitrust concerns,yes,negative,1
Women in Scottish Aquaculture launches digital hub to promote diversity,no,not_esg,0
One Oil Company's Rocky Path to Renewable Energy -2-,yes,neutral,2
Fibra UNO: Funo® reports no damages on its properties located in areas affected by the earthquake,yes,neutral,2
RRC INVESTOR FILING DEADLINE: Bernstein Liebhard LLP Reminds Investors of the Deadline to File a Lead Plaintiff Motion In a Securities Class Action Lawsuit Against Range Resources Corporation,yes,negative,1
"Glancy Prongay & Murray LLP: a Leading Securities Fraud Law Firm, Announces the Filing of a Securities Class Action on Behalf of Amdocs Limited ( DOX) Investors",yes,negative,1
"Investigation Alert: Kessler Topaz Meltzer & Check, LLP is Investigating Securities Fraud Claims on Behalf of Lightning eMotors, Inc. ( NYSE: ZEV) f/k/a GigCapital3, Inc. ( NYSE: GIK) Investors",yes,negative,1
Mitsui: Japan's Mitsui to invest in UK carbon capture project,yes,positive,3
"EBON FINAL DEADLINE: ROSEN, GLOBAL INVESTOR COUNSEL, Encourages Ebang International Holdings Inc. Investors to Secure Counsel Before Important Monday Deadline in Securities Class Action – EBON",yes,negative,1
"Liberty Global: Virgin Media Ireland signs Business in the Community Ireland's new Low Carbon PledgeIreland's leading broadband, cable and television group Virgin Media has made a further major commitment to climate action by...",yes,positive,3
"Each hour of wildfire smoke is equivalent to continually smoking for that time, says lung doctor",no,not_esg,0
Nortek technology used by CCAMLR to estimate krill biomass in Antarctic waters,yes,neutral,2
Hudson Pacific Properties: Achieves 100% Carbon Neutrality Across All Operations,yes,positive,3
Ohio House speaker targeted in $ 60 million public corruption case,no,neutral,2
"Frito-Lay: ® Launches Industrially Compostable Bags with Off The Eaten Path® Brand; Advances in Goal to Design 100% of Packaging to be Recyclable, Compostable, Biodegradable or Reusable across Portfolio by 2025",yes,positive,3
"BlackRock to ratchet up climate, diversity pressure on companies in 2021",yes,positive,3
"As cash flees Macau junkets, gambling hub faces long odds of quick recovery",no,not_esg,0
SeaBird Exploration: Green Energy Group ( SeaBird Exploration Plc) – Update on potential subsequent offering,yes,neutral,2
Diageo: ranked number six in Equileap's 2021 Gender Equality Global Report and Ranking,yes,positive,3
"Glancy Prongay & Murray LLP, a Leading Securities Fraud Law Firm, Announces the Filing of a Securities Class Action on Behalf of Spectrum Pharmaceuticals, Inc. ( SPPI) Investors",yes,negative,1
"Whether the FDA approves a COVID-19 booster shot or not, Pfizer and Moderna have already made their money",yes,neutral,2
FDA approval of AquaBounty GM salmon heads to appeals court,yes,neutral,2
Investor Alert: Kaplan Fox Investigates Peabody Energy Corporation For Potential Securities Fraud,yes,negative,1
Exclusive: U.S. oil industry seeks unusual alliance with Farm Belt to fight Biden electric vehicle agenda,no,not_esg,0
Nortek technology used by CCAMLR to estimate krill biomass in Antarctic waters,yes,neutral,2
Portland General Electric: Service restoration underway for PGE customers impacted by historic windstorm,yes,neutral,2
Questions To Ask If Doing Business In A Corruption Hot Spot,no,negative,1
ReneSola: Power to Present at Credit Suisse Renewables and Utilities Virtual Conference,yes,neutral,2
Ohio House speaker targeted in $ 60 million public corruption case,no,neutral,2
Nikola shares crash as founder steps down following fraud allegations,yes,negative,1
Portland General Electric: Service restoration underway for PGE customers impacted by historic windstorm,yes,neutral,2
COVID-19 shutdowns reveal racial disparities in exposure to air pollution,no,not_esg,0
How Tuna Antitrust Ruling Affects Job Bias Class Actions,yes,negative,1
"Canadian Consumer Perspectives on Plant-based Meat 2021: Cost, Animal Welfare and Health Concerns are Prominent Market Drivers - ResearchAndMarkets.com",no,not_esg,0
"Energy treaty reform could see investors in fossil fuels, renewables lose cover",no,negative,1
TransAlta: and TransAlta Renewables Third Quarter 2020 Results and Conference Call,yes,neutral,2
Portland General Electric: Service restoration underway for PGE customers impacted by historic windstorm,yes,neutral,2
"Fragmented forests: Tree cover, urban sprawl both increased in Southeast Michigan over the past 30 years",no,not_esg,0
Cowboy e-bikes now navigate you around air pollution,yes,positive,3
"Brazil, Bribes, And Banks: Brazilian Investment Company Pays $ 265M Fine In FCPA SEC And DOJ Enforcement Action Evidencing Ongoing Corruption Risks In Equity Financing In Brazil",yes,negative,1
Plant-based and recyclable plastic bottles using citrus peel as raw material,no,not_esg,0
Major Banks Launch Finance Sector Initiative to Decarbonize Steel,yes,positive,3
Amazon Takes the Title of Largest Corporate Renewable Energy Buyer in U.S.,yes,positive,3
"Investor Alert: Kessler Topaz Meltzer & Check, LLP Reminds Investors of Securities Fraud Class Action Lawsuit Filed Against Bit Digital, Inc. – BTBT",yes,negative,1
"CEO-to-worker pay gap to surge with coronavirus, AFL-CIO says",no,not_esg,0
$ 10 million added to seafood cleantech fund,no,not_esg,0
The hard consequences of social media's vaccine misinformation,no,not_esg,0
Toyota's electric car vehicle plans in detail,yes,positive,3
ReneSola: Power to Present at Credit Suisse Renewables and Utilities Virtual Conference,yes,neutral,2
RIKR is a recycled plastic backpack that can withstand Arctic conditions,no,not_esg,0
AIR Worldwide Releases Updated Tropical Cyclone and Earthquake Models for the Caribbean,yes,neutral,2
Arco Receives Antitrust Approval and Completes the Acquisition of COC and Dom Bosco Learning Systems,yes,neutral,2
Muslim women are using Sharia to push for gender equality,no,not_esg,0
FDA approval of AquaBounty GM salmon heads to appeals court,yes,neutral,2
"Seeking inclusive strategies to help coastal communities adjust, plan for sea-level rise",no,not_esg,0
"Workhorse Group Inc. Reminder: Kessler Topaz Meltzer & Check, LLP Reminds Investors of Securities Fraud Class Action Lawsuit Filed Against Workhorse Group Inc.",yes,negative,1
Falck Renewables S p A: won 40 MW in the Spanish tender,yes,positive,3
Cummins: Launches National Initiative to Improve Racial Equity,yes,positive,3
"KNDI INVESTOR DEADLINE: Hagens Berman Alerts Kandi Technologies Group ( KNDI) Investors to Upcoming Application Deadline in Securities Fraud Lawsuit, Encourages Investors with Losses to Contact the Firm",yes,negative,1
"PARSELY ENERGY INVESTOR ALERT by the Former Attorney General of Louisiana: Kahn Swick & Foti, LLC Investigates Adequacy of Price and Process in Proposed Sale of Parsley Energy, Inc. - PE",yes,negative,1
"Nano X Imaging: ROSEN, A GLOBALLY RECOGNIZED FIRM, First Files Securities Class Action Lawsuit Against Nano-X Imaging Ltd. - NNOX",yes,negative,1
Beauty store Clicks raided by protesters over ‘ racist’ hair advert,yes,negative,1
Eramet: All Eramet mines are now ISO 14001 certified,yes,positive,3
Multiple Product Liability Burn Injury Lawsuits Filed Against Sunbeam Products By Pressure Cooker Lawyer Jason Turchin For Exploding Crock-Pot Multi-Cookers,yes,negative,1
Fortum Oyj: expands its EV battery recycling operations with a new mechanical processing plant in Finland,yes,positive,3
"PolyQuest Invests In PET Recycling Operation - Nonwovens Industry Magazine - News, Markets & Analysis for the Nonwovens Industry",yes,positive,3
Tucker Carlson Sees ‘ Never-Ending Assault’ on His Fox News Show. Critics See Racism,no,not_esg,0
Aker: Carbon Capture AS and Aker Offshore Wind Holding AS – Contemplated Private Placement and Listing on Merkur Market,yes,neutral,2
Doral Renewables LLC ( formerly named Global Energy Generation LLC) Appoints Evan Speece as Chief Financial Officer,yes,neutral,2
"Facebook's 'monopoly power ' hurts user privacy, finds Congress",yes,negative,1
INTC INVESTOR ALERT: Bernstein Liebhard LLP Reminds Investors of the Deadline to File a Lead Plaintiff Motion in a Securities Class Action Lawsuit Against Intel Corporation,yes,negative,1
Emissions could add 15 inches to 2100 sea level rise -- ScienceDaily,no,not_esg,0
"FIA chief Todt hails Hamilton, stresses need for 'freedom ' in anti-racism fight",no,not_esg,0
INTC INVESTOR ALERT: Bernstein Liebhard LLP Reminds Investors of the Deadline to File a Lead Plaintiff Motion in a Securities Class Action Lawsuit Against Intel Corporation,yes,negative,1
One Oil Company's Rocky Path to Renewable Energy,yes,neutral,2
"Kessler Topaz Meltzer & Check, LLP: Reminds Investors of Deadline for Securities Fraud Class Action Lawsuit Filed Against Coinbase Global Inc.",yes,negative,1
Raise Marketplace Launches Fraud Prevention Solution rZero to Help Corporations Fight Digital Fraud,yes,positive,3
BofA Wants Revived PPP Discrimination Suit Tossed Again,yes,negative,1
Ford to convert British factory into electric vehicle plant,yes,positive,3
"Pervasive racism ' left tens of thousands of Black and Asian war dead uncommemorated, UK inquiry findss",no,not_esg,0
Wind energy could generate 3.3 million jobs within five years: GWEC,no,not_esg,0
ReneSola: Power to Present at Credit Suisse Renewables and Utilities Virtual Conference,yes,neutral,2
Nikola shares crash as founder steps down following fraud allegations,yes,negative,1
Western governors make bipartisan plea as states battle record heat and drought,no,not_esg,0
AIR Worldwide Releases Updated Tropical Cyclone and Earthquake Models for the Caribbean,yes,neutral,2
"Tsunami Warning Sirens Sound in Kodiak, Alaska, After Strong Quake Hits [ Video ]",no,not_esg,0
"Brazil, Bribes, And Banks: Brazilian Investment Company Pays $ 265M Fine In FCPA SEC And DOJ Enforcement Action Evidencing Ongoing Corruption Risks In Equity Financing In Brazil",yes,negative,1
Greencoat Renewables eyes acquisition opportunities across Europe,yes,positive,3
Faurecia: will develop ultra-low CO2 seat structures in partnership with SSAB as its fossil-free steel supplier,yes,positive,3
Vale S A: and Jiangsu Shagang sign MoU to develop steelmaking decarbonization solutions,yes,positive,3
Australian telcos have blocked over 55 million scam calls since December,no,not_esg,0
Biden to address how he’ d fight systemic racism,no,not_esg,0
The Greenhouse: A zero-waste home providing a blueprint for the future,no,not_esg,0
RMT salutes worker who overturned racist recruitment at Euston station,yes,positive,3
Remdesivir becomes first Covid-19 treatment to receive FDA approval,yes,positive,3
"FDA approves first drug, Eiger's Zokinvy, for rare rapid-aging disease",yes,positive,3
Doral Renewables LLC ( formerly named Global Energy Generation LLC) Appoints Evan Speece as Chief Financial Officer,yes,neutral,2
"Dr. Tejal Gandhi, Press Ganey Chief Safety and Transformation Officer, Named to Modern Healthcare’ s Top Diversity Leaders List",no,not_esg,0
"INVESTOR ALERT: Kirby McInerney LLP Announces the Filing of a Securities Class Action on Behalf of View, Inc. f/k/a CF Finance Acquisition Corp. II ( VIEW) Investors",yes,negative,1
"PolyQuest Invests In PET Recycling Operation - Nonwovens Industry Magazine - News, Markets & Analysis for the Nonwovens Industry",yes,positive,3
Clean Energy to Report Third Quarter 2020 Financial Results on November 5; Conference Call To Follow at 1:30 p.m. PST,yes,neutral,2
One Oil Company's Rocky Path to Renewable Energy -2-,yes,neutral,2
Renewable Energy: Hires R. Craig Bealmear as Chief Financial Officer,yes,neutral,2
Tool Co. Wants Travelers To Cover $ 40M Transfer Fraud Suit,no,not_esg,0
"Investor Reminder: Kessler Topaz Meltzer & Check, LLP Reminds Investors of Securities Fraud Class Action Lawsuit Filed Against Skillz Inc. - SKLZ",yes,negative,1
One Oil Company's Rocky Path to Renewable Energy,yes,neutral,2
Renewable Energy: Hires R. Craig Bealmear as Chief Financial Officer,yes,neutral,2
Doral Renewables LLC ( formerly named Global Energy Generation LLC) Appoints Evan Speece as Chief Financial Officer,yes,neutral,2
EU accuses Apple of App Store antitrust violations after Spotify complaint,yes,negative,1
TransAlta: and TransAlta Renewables Third Quarter 2020 Results and Conference Call,yes,neutral,2
One Oil Company's Rocky Path to Renewable Energy -2-,yes,neutral,2
Gilead’ s bladder cancer drug gets FDA approval,yes,positive,3
Triple Point Social Housing REIT: Chairman's Statement Interim Report 2020,yes,neutral,2
BofA Wants Revived PPP Discrimination Suit Tossed Again,yes,negative,1
Gilead Sciences: Announces Racial Equity Community Impact Fund to Support Black Communities Across United States,yes,positive,3
SeaBird Exploration: Green Energy Group ( SeaBird Exploration Plc) – Update on potential subsequent offering,yes,neutral,2
"Plastic Recycling: Plastic Energy, Freepoint Eco-Systems and TotalEnergies partner on Advanced Recycling Project in the U.S.",yes,positive,3
It happens every day ': Zaha calls on social media companies to act over online racism,no,negative,1
EPA accused again of compromising chemical safety assessments,no,not_esg,0
Nike Daybreak Type Recycled Jerseys DB4636-022,yes,positive,3
HCL Technologies: California Court Denies Class Certification In Reverse Discrimination Case Brought By Job Candidates,yes,neutral,2
"Racism endemic at DfID, staff claim",yes,negative,1
Arco Receives Antitrust Approval and Completes the Acquisition of COC and Dom Bosco Learning Systems,yes,neutral,2
DISYS ' Leadership as a Top Diversity Supplier Draws Accolades,yes,positive,3
Doral Renewables LLC ( formerly named Global Energy Generation LLC) Appoints Evan Speece as Chief Financial Officer,yes,neutral,2
TransAlta Renewables: Announces Pricing of AUD $ 800 Million Secured Financing of South Hedland Combined Cycle Gas Assets,yes,neutral,2
Clean Energy and bp Broaden Joint Venture Focused on Renewable Natural Gas Project Development Aimed at Delivering Lower Carbon Intensity Fuels,yes,positive,3
One Oil Company's Rocky Path to Renewable Energy -2-,yes,neutral,2
"Whether the FDA approves a COVID-19 booster shot or not, Pfizer and Moderna have already made their money",yes,neutral,2
"Tencent, Chindata Take Top Spots in Greenpeace's China Clean Tech Report",yes,positive,3
"GoodRx: ROSEN, A TRUSTED LAW FIRM, Announces Filing of Securities Class Action Lawsuit Against GoodRx Holdings, Inc.; Encourages Investors with Losses in Excess of $ 100K to Contact the Firm - GDRX",yes,negative,1
"Peninsula Clean Energy, Leeward Renewable Energy Sign 15-year Solar-Plus-Storage Power Purchase Agreement for the Chaparral Solar Facility",yes,positive,3
Blink Charging: to Participate in Electric Vehicle Webinar Presented by Maxim Group LLC and M-Vest,yes,neutral,2
"Simply Blue Holdings Limited announced that it has received funding from Octopus Renewables Infrastructure Trust PLC, Octopus Investments Limited",yes,positive,3
NICE Actimize Augments Its Anti-Money Laundering Solutions With Real-time AI Entity Resolution for More Effective Financial Crime Detection,yes,positive,3
It happens every day ': Zaha calls on social media companies to act over online racism,no,negative,1
"Opinion: Google investors: Unsure about what to do amid antitrust charges? Well, better get used to it",yes,negative,1
Alliant Energy: Michels Corporation makes major commitment to local clean energy,yes,positive,3
"GM to invest $ 1 billion in Mexico for electric vehicle production, angering UAW members",yes,positive,3
"Enphase Energy, Sunrun among Evercore ISI’ s top clean energy picks",yes,positive,3
Faurecia: will develop ultra-low CO2 seat structures in partnership with SSAB as its fossil-free steel supplier,yes,positive,3
Triple Point Social Housing REIT: Chairman's Statement Interim Report 2020,yes,neutral,2
Blink Charging: to Participate in Electric Vehicle Webinar Presented by Maxim Group LLC and M-Vest,yes,neutral,2
"After charges against Google, road map to antitrust changes contains many potential routes",yes,negative,1
Raise Marketplace Launches Fraud Prevention Solution rZero to Help Corporations Fight Digital Fraud,yes,positive,3
"Recover Losses: Ademi LLP Investigates Claims of Securities Fraud against Zymergen, Inc.",yes,negative,1
NSP INVESTOR ALERT: Bernstein Liebhard LLP Reminds Investors of the Deadline to File a Lead Plaintiff Motion in a Securities Class Action Lawsuit Against Insperity Inc.,yes,negative,1
Blink Charging: to Participate in Electric Vehicle Webinar Presented by Maxim Group LLC and M-Vest,yes,neutral,2
FDA approval of AquaBounty GM salmon heads to appeals court,yes,neutral,2
Siemens Gamesa Renewable Energy S A: Third quarter FY 2020 - Connection details,yes,neutral,2
Exporting Pollution: Strict Environmental Laws “ Push ” Firms to Pollute Elsewhere,no,negative,1
Renewable Energy: Hires R. Craig Bealmear as Chief Financial Officer,yes,neutral,2
A running list of American antitrust lawsuits against Google and Facebook,yes,negative,1
FDA approval of AquaBounty GM salmon heads to appeals court,yes,neutral,2
"EQUITY ALERT: Rosen Law Firm Files Securities Class Action Lawsuit Against TMC the metals company Inc. f/k/a Sustainable Opportunities Acquisition Corp. – TMC, TMCWW, SOAC, SOAC.U, SOACWS",yes,negative,1
TransAlta Renewables: Announces Pricing of AUD $ 800 Million Secured Financing of South Hedland Combined Cycle Gas Assets,yes,neutral,2
TRESemmé hair ad angers South Africans still hurting from racist past,yes,negative,1
House Oversight launches investigation into climate crisis disinformation by fossil fuel industry,no,not_esg,0
Bamburi Cement scales up green construction with launch of ‘ Houses of Tomorrow’ innovative project,yes,positive,3
Pindrop Helps Avaya Customers Verify Legitimate Callers and Detect Fraud,yes,neutral,2
Only junkies ': how stigma and discrimination link to rise in drug deaths among Scotland's poor,no,not_esg,0
Questions To Ask If Doing Business In A Corruption Hot Spot,no,negative,1
"Award-winning British Recycling Project, NEXTLOOPP, Hits Bullseye in Plastics Recycling Ahead of COP26",no,not_esg,0
Multiple Product Liability Burn Injury Lawsuits Filed Against Sunbeam Products By Pressure Cooker Lawyer Jason Turchin For Exploding Crock-Pot Multi-Cookers,yes,negative,1
London has the biggest climate tech startup ecosystem in Europe — Quartz,no,not_esg,0
INVESTOR ALERT: Law Offices of Howard G. Smith Announces Investigation of 3D Systems Corporation ( DDD) on Behalf of Investors,yes,negative,1
Siemens Gamesa Renewable Energy S A: Third quarter FY 2020 - Connection details,yes,neutral,2
Siemens Gamesa Renewable Energy S A: Third quarter FY 2020 - Connection details,yes,neutral,2
Food Brands Are Finally Changing Their Racist Mascots—But Is It Enough?,yes,neutral,2
The case for raising up women in climate tech,no,not_esg,0
"HAGENS BERMAN, NATIONAL TRIAL ATTORNEYS, Encourages XL Fleet ( XL) Investors with Losses to Contact Its Attorneys Now, Securities Class Action Filed, Company Forecasts 90% Revenue Drop in Q1 2021",yes,negative,1
Diageo: ranked number six in Equileap's 2021 Gender Equality Global Report and Ranking,yes,positive,3
"Fresenius Medical Care: ACB, PPDA Mum On Blacklisting of Corruption-Laden Fresenius Medical Care",yes,negative,1
TransAlta Renewables: Announces Pricing of AUD $ 800 Million Secured Financing of South Hedland Combined Cycle Gas Assets,yes,neutral,2
SHAREHOLDER ALERT: Pomerantz Law Firm Investigates Claims On Behalf of Investors Clean Energy Fuels Corp. - CLNE,yes,negative,1
BofA Wants Revived PPP Discrimination Suit Tossed Again,yes,negative,1
"Orocobre: reports no injuries, only minor damage from earthquake near Naraha plant",yes,neutral,2
"Hydrogen embrittlement creates complications for clean energy storage, transportation: Methods reveal understanding of the location of hydrogen in ferritic steels -- ScienceDaily",no,not_esg,0
SSAB Targets Title of First Global Fossil-Free Steel Company,yes,positive,3
Ex-Col. Pleads Guilty To Role In 'Fat Leonard ' Bribery Scheme,yes,positive,3
Aker: Carbon Capture AS and Aker Offshore Wind Holding AS – Contemplated Private Placement and Listing on Merkur Market,yes,neutral,2
One sip can kill ': why a highly toxic herbicide should be banned in Australia,no,not_esg,0
"Post-Brexit UK – like other gas-producing nations – betting on uncommercial, unproven carbon capture and hydrogen",no,not_esg,0
Italy minister's embrace of 'Blackface ' memes spotlights racism,no,negative,1
Triple Point Social Housing REIT: Chairman's Statement Interim Report 2020,yes,neutral,2
Alibaba Posts First Loss Since Going Public After Antitrust Fine -- 2nd Update,yes,negative,1
Renewable Energy: Hires R. Craig Bealmear as Chief Financial Officer,yes,neutral,2
"CBP U S Customs and Border Protection: Collects $ 575,000 from Pure Circle U.S.A. for Stevia Imports Made with Forced Labor",yes,negative,1
Arco Receives Antitrust Approval and Completes the Acquisition of COC and Dom Bosco Learning Systems,yes,neutral,2
Doral Renewables LLC ( formerly named Global Energy Generation LLC) Appoints Evan Speece as Chief Financial Officer,yes,neutral,2
Fossil fuel protest targets reopening of Lloyd's underwriting floor,no,not_esg,0
Polish fraud fighter Nethone raises $ 6.7 million,yes,neutral,2
"Deadline Alert: Kessler Topaz Meltzer & Check, LLP Alerts Investors of Lead Plaintiff Deadline in Securities Fraud Class Action Lawsuit Against Romeo Power, Inc.",yes,negative,1
DISYS ' Leadership as a Top Diversity Supplier Draws Accolades,yes,positive,3
"INVESTOR ALERT: Kirby McInerney LLP Reminds Investors That a Class Action Lawsuit Has Been Filed Against 360 DigiTech, Inc. and Encourages Investors to Contact the Firm Before September 13, 2021",yes,negative,1
India's New Hypercar Is the Fastest Electric Vehicle It's Ever Built,no,not_esg,0
South Africa: Rising temperatures will cost up to 20% of per capita GDP,no,not_esg,0
Net zero is transforming clean energy procurement,no,not_esg,0
UN deforestation scheme under scrutiny after Indonesia debacle,no,not_esg,0
"Rashida Jones on Black Lives Matter protests, privilege",no,not_esg,0
Renewable Energy: Hires R. Craig Bealmear as Chief Financial Officer,yes,neutral,2
"Moving Quickly, Merck Submits COVID-19 Antiviral for FDA Approval",yes,positive,3
"XILINX INVESTOR ALERT by the Former Attorney General of Louisiana: Kahn Swick & Foti, LLC Investigates Adequacy of Price and Process in Proposed Sale of Xilinx, Inc. - XLNX",yes,negative,1
"GM to invest $ 1 billion in Mexico for electric vehicle production, angering UAW members",yes,positive,3
IBMers in Canada fight human trafficking with the DataJam competition,yes,positive,3
Palace adidas Ultraboost Recycled Yarns Capsule: Release Info,yes,positive,3
Clean Energy to Report Third Quarter 2020 Financial Results on November 5; Conference Call To Follow at 1:30 p.m. PST,yes,neutral,2
Health Care Up As BioNTech Rises On FDA Approval Anticipation -- Health Care Roundup,yes,positive,3
INTC INVESTOR ALERT: Bernstein Liebhard LLP Reminds Investors of the Deadline to File a Lead Plaintiff Motion in a Securities Class Action Lawsuit Against Intel Corporation,yes,negative,1
"Elanco Animal Health Incorporated: ROSEN, A TRUSTED AND TOP RANKED FIRM, Reminds Elanco Animal Health Incorporated Investors of Important July 20 Deadline in Securities Class Action - ELAN",yes,negative,1
Low-Lying Island Grows Despite Sea Level Rise,no,not_esg,0
The case for starting an anti-racist book club at work — Quartz,no,not_esg,0
"Recover Losses: Ademi LLP Investigates Claims of Securities Fraud against Zymergen, Inc.",yes,negative,1
"GoodRx: ROSEN, A TRUSTED LAW FIRM, Announces Filing of Securities Class Action Lawsuit Against GoodRx Holdings, Inc.; Encourages Investors with Losses in Excess of $ 100K to Contact the Firm - GDRX",yes,negative,1
"She buried her 10-year-old who died from Covid. Less than 24 hours later, she was combating misinformation at a school board meeting",no,not_esg,0
One Oil Company's Rocky Path to Renewable Energy,yes,neutral,2
"Fresenius Medical Care: ACB, PPDA Mum On Blacklisting of Corruption-Laden Fresenius Medical Care",yes,negative,1
The Worldwide Green Hydrogen Industry is Expected to Reach $ 4.3 Billion by 2026 - ResearchAndMarkets.com,no,not_esg,0
Insights on the Global Casinos and Gambling Market 2020-2024,no,not_esg,0
Trump claims 'left-wing extremism ' is engulfing the US. Conflating protests with terrorism is the real danger,no,not_esg,0
Republicans push unfounded fraud claims before California recall,no,not_esg,0
Investor Alert: Kaplan Fox Investigates Peabody Energy Corporation For Potential Securities Fraud,yes,negative,1
Banco Santander S A: Euromoney names Santander Best Digital Bank in Western Europe and Best Bank for Sustainable Finance in Latin America,yes,positive,3
Why terrorism continues in Nigeria and how to turn the tide,no,not_esg,0
Siemens Gamesa Renewable Energy S A: CMD presentation,yes,neutral,2
Chemical Research Breakthrough Could Transform Clean Energy Technology,no,not_esg,0
Kyle Rittenhouse: Prosecutors seek to modify bond agreement after they say he displayed racist signs,no,not_esg,0
Cardknox supports 3DS2 technology to decrease online fraud and reduce chargebacks,yes,positive,3
SeaBird Exploration: Green Energy Group ( SeaBird Exploration Plc) – Update on potential subsequent offering,yes,neutral,2
Nortek technology used by CCAMLR to estimate krill biomass in Antarctic waters,yes,neutral,2
Portland General Electric: Service restoration underway for PGE customers impacted by historic windstorm,yes,neutral,2
Mitsubishi: to invest 2 tril. yen to achieve carbon neutrality,yes,positive,3
AIR Worldwide Releases Updated Tropical Cyclone and Earthquake Models for the Caribbean,yes,neutral,2
FDA Approves Monjuvi® ( tafasitamab-cxix) in Combination With Lenalidomide for the Treatment of Adult Patients With Relapsed or Refractory Diffuse Large B-cell Lymphoma ( DLBCL),yes,positive,3
TransAlta Renewables: Announces Pricing of AUD $ 800 Million Secured Financing of South Hedland Combined Cycle Gas Assets,yes,neutral,2
"KNDI INVESTOR DEADLINE: Hagens Berman Alerts Kandi Technologies Group ( KNDI) Investors to Upcoming Application Deadline in Securities Fraud Lawsuit, Encourages Investors with Losses to Contact the Firm",yes,negative,1
INVESTOR ALERT: Law Offices of Howard G. Smith Announces Investigation of 3D Systems Corporation ( DDD) on Behalf of Investors,yes,negative,1
TransAlta: and TransAlta Renewables Third Quarter 2020 Results and Conference Call,yes,neutral,2
Amazon to generate renewable energy in South Africa on Eskom grid — Quartz Africa,yes,positive,3
C4 bioenergy grass: Working towards higher productivity under fluctuating light,no,not_esg,0
Jeremy Tardy Quits 'Dear White People ' Amid Racial Discrimination & Pay Disparity Claims,no,not_esg,0
"IDEX 12-DAY DEADLINE ALERT: Hagens Berman, National Trial Attorneys, Notifies Ideanomics ( IDEX) Investors of Application Deadline in Securities Fraud Class Action, Encourages Investors with $ 250k+ Losses to Contact Firm Now",yes,negative,1
Triple Point Social Housing REIT: Chairman's Statement Interim Report 2020,yes,neutral,2
"PRESS RELEASE: fox e-mobility wins leading European battery company, InoBat Auto, as technology partner for the new MIA 2.0 electric car",yes,positive,3
Siemens Gamesa Renewable Energy S A: Third quarter FY 2020 - Connection details,yes,neutral,2
Apple co-founder Steve Wozniak sues YouTube for not cracking down on bitcoin scam videos,yes,negative,1
Aker: Carbon Capture AS and Aker Offshore Wind Holding AS – Contemplated Private Placement and Listing on Merkur Market,yes,neutral,2
FDA approves Covid vaccine: How and when will I get it?,no,not_esg,0
"INVESTOR ALERT: Kirby McInerney LLP Announces the Filing of a Securities Class Action on Behalf of View, Inc. f/k/a CF Finance Acquisition Corp. II ( VIEW) Investors",yes,negative,1
"Plastic Recycling: Plastic Energy, Freepoint Eco-Systems and TotalEnergies partner on Advanced Recycling Project in the U.S.",yes,positive,3
Qatar Regulator Unveils Platform To Help Fight Money Laundering and Financial Crime,no,not_esg,0
HCL Technologies: California Court Denies Class Certification In Reverse Discrimination Case Brought By Job Candidates,yes,neutral,2
"Glancy Prongay & Murray LLP: a Leading Securities Fraud Law Firm, Announces the Filing of a Securities Class Action on Behalf of Amdocs Limited ( DOX) Investors",yes,negative,1
"Renewable Energy Weathering the Coronavirus Storm, IEA Says",no,not_esg,0
Swiss minister promotes green finance hub,no,not_esg,0
Icy streets and packed metros: Madrid digs out from historic snowstorm in midst of pandemic,no,not_esg,0
Triple Point Social Housing REIT: Chairman's Statement Interim Report 2020,yes,neutral,2
"Brazil, Bribes, And Banks: Brazilian Investment Company Pays $ 265M Fine In FCPA SEC And DOJ Enforcement Action Evidencing Ongoing Corruption Risks In Equity Financing In Brazil",yes,negative,1
Piper Sandler Hires Diversity & Inclusion Director Analia Alonso,yes,positive,3
"CBP U S Customs and Border Protection: Collects $ 575,000 from Pure Circle U.S.A. for Stevia Imports Made with Forced Labor",yes,negative,1
Remdesivir becomes first Covid-19 treatment to receive FDA approval,yes,positive,3
"Investment Advisers Deny Fraud, Money Laundering Charges",no,not_esg,0
Thales: Alenia Space's site in Toulouse generates green energy,yes,positive,3
"EQUITY ALERT: Rosen Law Firm Files Securities Class Action Lawsuit Against TMC the metals company Inc. f/k/a Sustainable Opportunities Acquisition Corp. – TMC, TMCWW, SOAC, SOAC.U, SOACWS",yes,negative,1
"Frito-Lay: ® Launches Industrially Compostable Bags with Off The Eaten Path® Brand; Advances in Goal to Design 100% of Packaging to be Recyclable, Compostable, Biodegradable or Reusable across Portfolio by 2025",yes,positive,3
Blink Charging: to Participate in Electric Vehicle Webinar Presented by Maxim Group LLC and M-Vest,yes,neutral,2
Aramark Announces Executive Diversity Council and Names Ashwani Hanson Chief Diversity & Sustainability Officer,yes,positive,3
Racial Justice Is a Black Mark on Philanthropy’ s Track Record. Time to Fix It.,no,not_esg,0
"Apple Korea, under antitrust probe, proposes $ 84 million to support small businesses",yes,positive,3
TRESemmé hair ad angers South Africans still hurting from racist past,yes,negative,1
Diageo: ranked number six in Equileap's 2021 Gender Equality Global Report and Ranking,yes,positive,3
Celebrating Cultural Diversity: Nissan Foundation Kicks off 2022 Grant Cycle,yes,positive,3
Peace accord in Colombia has increased deforestation of biologically-diverse rainforest,no,not_esg,0
SeaBird Exploration: Green Energy Group ( SeaBird Exploration Plc) – Update on potential subsequent offering,yes,neutral,2
"FB INVESTOR ALERT: ROSEN, A TOP RANKED LAW FIRM, Encourages Facebook, Inc. Investors with Losses to Inquire About Class Action Investigation – FB",yes,negative,1
"Orocobre: reports no injuries, only minor damage from earthquake near Naraha plant",yes,neutral,2
"Recover Losses: Ademi LLP Investigates Claims of Securities Fraud against Zymergen, Inc.",yes,negative,1
Blink Charging: to Participate in Electric Vehicle Webinar Presented by Maxim Group LLC and M-Vest,yes,neutral,2
"EQUITY ALERT: Rosen Law Firm Files Securities Class Action Lawsuit Against TMC the metals company Inc. f/k/a Sustainable Opportunities Acquisition Corp. – TMC, TMCWW, SOAC, SOAC.U, SOACWS",yes,negative,1
Clean Energy to Report Third Quarter 2020 Financial Results on November 5; Conference Call To Follow at 1:30 p.m. PST,yes,neutral,2
PepsiCo to switch to fully recycled plastic bottles across nine European nations,yes,positive,3
"BMC INVESTOR ALERT by the Former Attorney General of Louisiana: Kahn Swick & Foti, LLC Investigates Adequacy of Price and Process in Proposed Sale of BMC Stock Holdings, Inc. - BMCH",yes,negative,1
Beauty store Clicks raided by protesters over ‘ racist’ hair advert,yes,negative,1
TransAlta Renewables: Announces Pricing of AUD $ 800 Million Secured Financing of South Hedland Combined Cycle Gas Assets,yes,neutral,2
Lego-like assembly of zeolitic membranes improves carbon capture -- ScienceDaily,no,not_esg,0
"Whether the FDA approves a COVID-19 booster shot or not, Pfizer and Moderna have already made their money",yes,neutral,2
One Oil Company's Rocky Path to Renewable Energy,yes,neutral,2
McDonald’ s Announced A List Of New Company Values To Help Address Racism And Discrimination,yes,negative,1
Renewable Energy: Hires R. Craig Bealmear as Chief Financial Officer,yes,neutral,2
"Glancy Prongay & Murray LLP, a Leading Securities Fraud Law Firm, Announces the Filing of a Securities Class Action on Behalf of Spectrum Pharmaceuticals, Inc. ( SPPI) Investors",yes,negative,1
U.S. Treasury's Yellen touts infrastructure bill as reducing economic inequality,no,not_esg,0
Facebook: bans U.S. ads that call voting fraud widespread or election invalid,yes,negative,1
"MoneyGram International: ROSEN, A TOP RANKED LAW FIRM, Encourages MoneyGram International, Inc. Investors with Losses in Excess of $ 100K to Secure Counsel Before Important Deadline in Securities Class Action First Filed by the Firm - MGI",yes,negative,1
Portland General Electric: Service restoration underway for PGE customers impacted by historic windstorm,yes,neutral,2
International Business Machines: IBM Says Its Carbon Capture Research Will Help Meet Its 2030 Net-Zero Goal,yes,positive,3
Bounty programs: Ineffective in the war on money laundering,no,not_esg,0
Bank of Ireland: announces range of initiatives to promote greater ethnic diversity,yes,positive,3
German prosecutors probe Wirecard for money laundering,yes,negative,1
How to Detect and Protect Against One-Ring “ Wangiri ” Fraud,no,not_esg,0
"New Microsoft solar project shows climate, racial equity are connected",yes,positive,3
Judge Rules Against Hawaii County In Water Pollution Battle,no,not_esg,0
Amazon Takes the Title of Largest Corporate Renewable Energy Buyer in U.S.,yes,positive,3
Food Brands Are Finally Changing Their Racist Mascots—But Is It Enough?,yes,neutral,2
TotalEnergies executive says gocus will be on low-carbon LNG,yes,positive,3
Exporting Pollution: Strict Environmental Laws “ Push ” Firms to Pollute Elsewhere,no,negative,1
Seafood investor Ferd buys into oceans-related ESG fund,yes,positive,3
HCL Technologies: California Court Denies Class Certification In Reverse Discrimination Case Brought By Job Candidates,yes,neutral,2
Abbott Says Xience Stent Gets FDA Approval For One-Month DAPT,yes,positive,3
Alibaba Posts First Loss Since Going Public After Antitrust Fine -- 2nd Update,yes,negative,1
Why income inequality is growing at fastest rate among Asian Americans,no,not_esg,0
Fortnite maker sues Apple for monopoly abuse after being kicked off App Store,yes,negative,1
NY Constitutional Right To Clean Air Passes By A Wide Margin,no,not_esg,0
Bank of Ireland: announces range of initiatives to promote greater ethnic diversity,yes,positive,3
Media Advisory - Government of Canada to make announcement related to significant investment in affordable housing in Ottawa,no,not_esg,0
"Kessler Topaz Meltzer & Check, LLP: Securities Fraud Class Action Filed Against Ideanomics, Inc. - IDEX",yes,negative,1
Centrica: 17 Dec 2020 Hive launches new service to improve energy efficiency Company,yes,positive,3
3 Electric Vehicle ETFs To Floor It With,no,not_esg,0
Investor Alert: Kaplan Fox Investigates Peabody Energy Corporation For Potential Securities Fraud,yes,negative,1
Santa Barbara Clean Energy se Lanza el 1 de Octubre - The Santa Barbara Independent,no,not_esg,0
"KRMD CLASS ACTION NOTICE: Glancy Prongay & Murray LLP Files Securities Fraud Lawsuit Against Repro Med Systems, Inc. d/b/a KORU Medical Systems",yes,negative,1
Jerry McNerney: Rep. McNerney Introduces Legislation to Promote Renewable Energy Use,no,not_esg,0
One Oil Company's Rocky Path to Renewable Energy,yes,neutral,2
"Former Georgia deputy boasted to extremist group about beating Black man in custody, FBI says",no,not_esg,0
The rise of local low-carbon and renewable distributed energy solutions,no,not_esg,0
New Day For Diabetes Patients As FDA Approves First-Ever Interchangeable Biosimilar,yes,positive,3
Nortek technology used by CCAMLR to estimate krill biomass in Antarctic waters,yes,neutral,2
Volvo Unveils Its New Vehicle Made of Fossil-Free Steel,yes,positive,3
"Toxic metals can affect student health performance, say scientists",no,not_esg,0
